* Getting build dependencies for sdist...
running egg_info
writing src\cephvr.egg-info\PKG-INFO
writing dependency_links to src\cephvr.egg-info\dependency_links.txt
writing entry points to src\cephvr.egg-info\entry_points.txt
writing requirements to src\cephvr.egg-info\requires.txt
writing top-level names to src\cephvr.egg-info\top_level.txt
reading manifest file 'src\cephvr.egg-info\SOURCES.txt'
reading manifest template 'MANIFEST.in'
writing manifest file 'src\cephvr.egg-info\SOURCES.txt'
* Building sdist...
running sdist
running egg_info
writing src\cephvr.egg-info\PKG-INFO
writing dependency_links to src\cephvr.egg-info\dependency_links.txt
writing entry points to src\cephvr.egg-info\entry_points.txt
writing requirements to src\cephvr.egg-info\requires.txt
writing top-level names to src\cephvr.egg-info\top_level.txt
reading manifest file 'src\cephvr.egg-info\SOURCES.txt'
reading manifest template 'MANIFEST.in'
writing manifest file 'src\cephvr.egg-info\SOURCES.txt'
running check
creating cephvr-2.0.0.dev0
creating cephvr-2.0.0.dev0\config\backends
creating cephvr-2.0.0.dev0\contracts\acquisition
creating cephvr-2.0.0.dev0\contracts\cephvr\acquisition\v1
creating cephvr-2.0.0.dev0\contracts\cephvr\control\v1
creating cephvr-2.0.0.dev0\contracts\cephvr\synchronization\v1
creating cephvr-2.0.0.dev0\contracts\cephvr\tracking\v1
creating cephvr-2.0.0.dev0\contracts\cephvr\visual_stimulus\v1
creating cephvr-2.0.0.dev0\contracts\policy
creating cephvr-2.0.0.dev0\native\tracking
creating cephvr-2.0.0.dev0\native\windows
creating cephvr-2.0.0.dev0\src\cephvr
creating cephvr-2.0.0.dev0\src\cephvr.egg-info
creating cephvr-2.0.0.dev0\src\cephvr\acquisition
creating cephvr-2.0.0.dev0\src\cephvr\acquisition\buffers
creating cephvr-2.0.0.dev0\src\cephvr\acquisition\camera
creating cephvr-2.0.0.dev0\src\cephvr\acquisition\config
creating cephvr-2.0.0.dev0\src\cephvr\acquisition\coordinator
creating cephvr-2.0.0.dev0\src\cephvr\acquisition\coordinator\state
creating cephvr-2.0.0.dev0\src\cephvr\acquisition\microcontroller
creating cephvr-2.0.0.dev0\src\cephvr\acquisition\recording
creating cephvr-2.0.0.dev0\src\cephvr\acquisition\transport
creating cephvr-2.0.0.dev0\src\cephvr\acquisition\v1
creating cephvr-2.0.0.dev0\src\cephvr\acquisition\worker
creating cephvr-2.0.0.dev0\src\cephvr\client
creating cephvr-2.0.0.dev0\src\cephvr\control
creating cephvr-2.0.0.dev0\src\cephvr\control\v1
creating cephvr-2.0.0.dev0\src\cephvr\controller
creating cephvr-2.0.0.dev0\src\cephvr\controller\control
creating cephvr-2.0.0.dev0\src\cephvr\controller\device
creating cephvr-2.0.0.dev0\src\cephvr\controller\incident
creating cephvr-2.0.0.dev0\src\cephvr\controller\lifecycle
creating cephvr-2.0.0.dev0\src\cephvr\controller\metadata
creating cephvr-2.0.0.dev0\src\cephvr\controller\startup
creating cephvr-2.0.0.dev0\src\cephvr\controller\transport
creating cephvr-2.0.0.dev0\src\cephvr\launcher
creating cephvr-2.0.0.dev0\src\cephvr\platform
creating cephvr-2.0.0.dev0\src\cephvr\platform\windows
creating cephvr-2.0.0.dev0\src\cephvr\shared
creating cephvr-2.0.0.dev0\src\cephvr\shared\pixels
creating cephvr-2.0.0.dev0\src\cephvr\supervisor
creating cephvr-2.0.0.dev0\src\cephvr\synchronization
creating cephvr-2.0.0.dev0\src\cephvr\synchronization\v1
creating cephvr-2.0.0.dev0\src\cephvr\tracking
creating cephvr-2.0.0.dev0\src\cephvr\tracking\config
creating cephvr-2.0.0.dev0\src\cephvr\tracking\config\models
creating cephvr-2.0.0.dev0\src\cephvr\tracking\coordinator
creating cephvr-2.0.0.dev0\src\cephvr\tracking\feedback
creating cephvr-2.0.0.dev0\src\cephvr\tracking\methods
creating cephvr-2.0.0.dev0\src\cephvr\tracking\native
creating cephvr-2.0.0.dev0\src\cephvr\tracking\processing
creating cephvr-2.0.0.dev0\src\cephvr\tracking\recording
creating cephvr-2.0.0.dev0\src\cephvr\tracking\transport
creating cephvr-2.0.0.dev0\src\cephvr\tracking\v1
creating cephvr-2.0.0.dev0\src\cephvr\visual_stimulus
creating cephvr-2.0.0.dev0\src\cephvr\visual_stimulus\compiler
creating cephvr-2.0.0.dev0\src\cephvr\visual_stimulus\config
creating cephvr-2.0.0.dev0\src\cephvr\visual_stimulus\config\models
creating cephvr-2.0.0.dev0\src\cephvr\visual_stimulus\coordinator
creating cephvr-2.0.0.dev0\src\cephvr\visual_stimulus\feedback
creating cephvr-2.0.0.dev0\src\cephvr\visual_stimulus\recording
creating cephvr-2.0.0.dev0\src\cephvr\visual_stimulus\rendering
creating cephvr-2.0.0.dev0\src\cephvr\visual_stimulus\resources
creating cephvr-2.0.0.dev0\src\cephvr\visual_stimulus\transport
creating cephvr-2.0.0.dev0\src\cephvr\visual_stimulus\v1
creating cephvr-2.0.0.dev0\src\cephvr\visual_stimulus\worker
creating cephvr-2.0.0.dev0\tools
copying files to cephvr-2.0.0.dev0...
copying MANIFEST.in -> cephvr-2.0.0.dev0
copying README.md -> cephvr-2.0.0.dev0
copying pyproject.toml -> cephvr-2.0.0.dev0
copying setup.py -> cephvr-2.0.0.dev0
copying config\backends\acquisition_config.toml -> cephvr-2.0.0.dev0\config\backends
copying config\backends\experiment_config.toml -> cephvr-2.0.0.dev0\config\backends
copying config\backends\gui_config.toml -> cephvr-2.0.0.dev0\config\backends
copying config\backends\supervisor_config.toml -> cephvr-2.0.0.dev0\config\backends
copying config\backends\synchronization_config.toml -> cephvr-2.0.0.dev0\config\backends
copying config\backends\tracking_config.toml -> cephvr-2.0.0.dev0\config\backends
copying config\backends\visual_stimulus_config.toml -> cephvr-2.0.0.dev0\config\backends
copying contracts\acquisition\frame_buffers.toml -> cephvr-2.0.0.dev0\contracts\acquisition
copying contracts\acquisition\frame_log_schema.toml -> cephvr-2.0.0.dev0\contracts\acquisition
copying contracts\cephvr\acquisition\v1\camera.proto -> cephvr-2.0.0.dev0\contracts\cephvr\acquisition\v1
copying contracts\cephvr\acquisition\v1\messages.proto -> cephvr-2.0.0.dev0\contracts\cephvr\acquisition\v1
copying contracts\cephvr\acquisition\v1\microcontroller.proto -> cephvr-2.0.0.dev0\contracts\cephvr\acquisition\v1
copying contracts\cephvr\acquisition\v1\runtime.proto -> cephvr-2.0.0.dev0\contracts\cephvr\acquisition\v1
copying contracts\cephvr\acquisition\v1\services.proto -> cephvr-2.0.0.dev0\contracts\cephvr\acquisition\v1
copying contracts\cephvr\control\v1\native_transport.proto -> cephvr-2.0.0.dev0\contracts\cephvr\control\v1
copying contracts\cephvr\control\v1\services.proto -> cephvr-2.0.0.dev0\contracts\cephvr\control\v1
copying contracts\cephvr\control\v1\types.proto -> cephvr-2.0.0.dev0\contracts\cephvr\control\v1
copying contracts\cephvr\synchronization\v1\spikeglx.proto -> cephvr-2.0.0.dev0\contracts\cephvr\synchronization\v1
copying contracts\cephvr\tracking\v1\methods.proto -> cephvr-2.0.0.dev0\contracts\cephvr\tracking\v1
copying contracts\cephvr\tracking\v1\pose.proto -> cephvr-2.0.0.dev0\contracts\cephvr\tracking\v1
copying contracts\cephvr\tracking\v1\preparation.proto -> cephvr-2.0.0.dev0\contracts\cephvr\tracking\v1
copying contracts\cephvr\tracking\v1\recording.proto -> cephvr-2.0.0.dev0\contracts\cephvr\tracking\v1
copying contracts\cephvr\tracking\v1\services.proto -> cephvr-2.0.0.dev0\contracts\cephvr\tracking\v1
copying contracts\cephvr\visual_stimulus\v1\data.proto -> cephvr-2.0.0.dev0\contracts\cephvr\visual_stimulus\v1
copying contracts\cephvr\visual_stimulus\v1\messages.proto -> cephvr-2.0.0.dev0\contracts\cephvr\visual_stimulus\v1
copying contracts\cephvr\visual_stimulus\v1\plan.proto -> cephvr-2.0.0.dev0\contracts\cephvr\visual_stimulus\v1
copying contracts\cephvr\visual_stimulus\v1\runtime.proto -> cephvr-2.0.0.dev0\contracts\cephvr\visual_stimulus\v1
copying contracts\cephvr\visual_stimulus\v1\services.proto -> cephvr-2.0.0.dev0\contracts\cephvr\visual_stimulus\v1
copying contracts\policy\acquisition_policy.toml -> cephvr-2.0.0.dev0\contracts\policy
copying contracts\policy\experiment_policy.toml -> cephvr-2.0.0.dev0\contracts\policy
copying contracts\policy\gui_policy.toml -> cephvr-2.0.0.dev0\contracts\policy
copying contracts\policy\supervisor_policy.toml -> cephvr-2.0.0.dev0\contracts\policy
copying contracts\policy\synchronization_policy.toml -> cephvr-2.0.0.dev0\contracts\policy
copying contracts\policy\tracking_policy.toml -> cephvr-2.0.0.dev0\contracts\policy
copying contracts\policy\visual_stimulus_policy.toml -> cephvr-2.0.0.dev0\contracts\policy
copying native\tracking\CMakeLists.txt -> cephvr-2.0.0.dev0\native\tracking
copying native\tracking\nvof.cpp -> cephvr-2.0.0.dev0\native\tracking
copying native\windows\CMakeLists.txt -> cephvr-2.0.0.dev0\native\windows
copying native\windows\atomics.cpp -> cephvr-2.0.0.dev0\native\windows
copying src\cephvr\__init__.py -> cephvr-2.0.0.dev0\src\cephvr
copying src\cephvr.egg-info\PKG-INFO -> cephvr-2.0.0.dev0\src\cephvr.egg-info
copying src\cephvr.egg-info\SOURCES.txt -> cephvr-2.0.0.dev0\src\cephvr.egg-info
copying src\cephvr.egg-info\dependency_links.txt -> cephvr-2.0.0.dev0\src\cephvr.egg-info
copying src\cephvr.egg-info\entry_points.txt -> cephvr-2.0.0.dev0\src\cephvr.egg-info
copying src\cephvr.egg-info\requires.txt -> cephvr-2.0.0.dev0\src\cephvr.egg-info
copying src\cephvr.egg-info\top_level.txt -> cephvr-2.0.0.dev0\src\cephvr.egg-info
copying src\cephvr\acquisition\__init__.py -> cephvr-2.0.0.dev0\src\cephvr\acquisition
copying src\cephvr\acquisition\configuration.py -> cephvr-2.0.0.dev0\src\cephvr\acquisition
copying src\cephvr\acquisition\executables.py -> cephvr-2.0.0.dev0\src\cephvr\acquisition
copying src\cephvr\acquisition\identity.py -> cephvr-2.0.0.dev0\src\cephvr\acquisition
copying src\cephvr\acquisition\main.py -> cephvr-2.0.0.dev0\src\cephvr\acquisition
copying src\cephvr\acquisition\ports.py -> cephvr-2.0.0.dev0\src\cephvr\acquisition
copying src\cephvr\acquisition\recording_schema.py -> cephvr-2.0.0.dev0\src\cephvr\acquisition
copying src\cephvr\acquisition\runtime.py -> cephvr-2.0.0.dev0\src\cephvr\acquisition
copying src\cephvr\acquisition\startup.py -> cephvr-2.0.0.dev0\src\cephvr\acquisition
copying src\cephvr\acquisition\state.py -> cephvr-2.0.0.dev0\src\cephvr\acquisition
copying src\cephvr\acquisition\worker_launcher.py -> cephvr-2.0.0.dev0\src\cephvr\acquisition
copying src\cephvr\acquisition\buffers\__init__.py -> cephvr-2.0.0.dev0\src\cephvr\acquisition\buffers
copying src\cephvr\acquisition\buffers\end_marker.py -> cephvr-2.0.0.dev0\src\cephvr\acquisition\buffers
copying src\cephvr\acquisition\buffers\layout.py -> cephvr-2.0.0.dev0\src\cephvr\acquisition\buffers
copying src\cephvr\acquisition\buffers\pixel_pool.py -> cephvr-2.0.0.dev0\src\cephvr\acquisition\buffers
copying src\cephvr\acquisition\buffers\queue.py -> cephvr-2.0.0.dev0\src\cephvr\acquisition\buffers
copying src\cephvr\acquisition\buffers\records.py -> cephvr-2.0.0.dev0\src\cephvr\acquisition\buffers
copying src\cephvr\acquisition\buffers\resource_port.py -> cephvr-2.0.0.dev0\src\cephvr\acquisition\buffers
copying src\cephvr\acquisition\buffers\ring.py -> cephvr-2.0.0.dev0\src\cephvr\acquisition\buffers
copying src\cephvr\acquisition\buffers\ring_attachment.py -> cephvr-2.0.0.dev0\src\cephvr\acquisition\buffers
copying src\cephvr\acquisition\camera\__init__.py -> cephvr-2.0.0.dev0\src\cephvr\acquisition\camera
copying src\cephvr\acquisition\camera\basler.py -> cephvr-2.0.0.dev0\src\cephvr\acquisition\camera
copying src\cephvr\acquisition\camera\errors.py -> cephvr-2.0.0.dev0\src\cephvr\acquisition\camera
copying src\cephvr\acquisition\camera\features.py -> cephvr-2.0.0.dev0\src\cephvr\acquisition\camera
copying src\cephvr\acquisition\camera\grab.py -> cephvr-2.0.0.dev0\src\cephvr\acquisition\camera
copying src\cephvr\acquisition\camera\metadata.py -> cephvr-2.0.0.dev0\src\cephvr\acquisition\camera
copying src\cephvr\acquisition\camera\native_formats.py -> cephvr-2.0.0.dev0\src\cephvr\acquisition\camera
copying src\cephvr\acquisition\camera\records.py -> cephvr-2.0.0.dev0\src\cephvr\acquisition\camera
copying src\cephvr\acquisition\camera\roi.py -> cephvr-2.0.0.dev0\src\cephvr\acquisition\camera
copying src\cephvr\acquisition\camera\settings.py -> cephvr-2.0.0.dev0\src\cephvr\acquisition\camera
copying src\cephvr\acquisition\camera\transport.py -> cephvr-2.0.0.dev0\src\cephvr\acquisition\camera
copying src\cephvr\acquisition\camera\types.py -> cephvr-2.0.0.dev0\src\cephvr\acquisition\camera
copying src\cephvr\acquisition\camera\wait.py -> cephvr-2.0.0.dev0\src\cephvr\acquisition\camera
copying src\cephvr\acquisition\config\__init__.py -> cephvr-2.0.0.dev0\src\cephvr\acquisition\config
copying src\cephvr\acquisition\config\defaults.py -> cephvr-2.0.0.dev0\src\cephvr\acquisition\config
copying src\cephvr\acquisition\config\file_policies.py -> cephvr-2.0.0.dev0\src\cephvr\acquisition\config
copying src\cephvr\acquisition\config\policy.py -> cephvr-2.0.0.dev0\src\cephvr\acquisition\config
copying src\cephvr\acquisition\config\validation.py -> cephvr-2.0.0.dev0\src\cephvr\acquisition\config
copying src\cephvr\acquisition\config\validation_buffers.py -> cephvr-2.0.0.dev0\src\cephvr\acquisition\config
copying src\cephvr\acquisition\config\validation_camera.py -> cephvr-2.0.0.dev0\src\cephvr\acquisition\config
copying src\cephvr\acquisition\config\validation_pulse.py -> cephvr-2.0.0.dev0\src\cephvr\acquisition\config
copying src\cephvr\acquisition\config\validation_values.py -> cephvr-2.0.0.dev0\src\cephvr\acquisition\config
copying src\cephvr\acquisition\config\values.py -> cephvr-2.0.0.dev0\src\cephvr\acquisition\config
copying src\cephvr\acquisition\coordinator\__init__.py -> cephvr-2.0.0.dev0\src\cephvr\acquisition\coordinator
copying src\cephvr\acquisition\coordinator\authority_failure.py -> cephvr-2.0.0.dev0\src\cephvr\acquisition\coordinator
copying src\cephvr\acquisition\coordinator\cleanup.py -> cephvr-2.0.0.dev0\src\cephvr\acquisition\coordinator
copying src\cephvr\acquisition\coordinator\cleanup_report.py -> cephvr-2.0.0.dev0\src\cephvr\acquisition\coordinator
copying src\cephvr\acquisition\coordinator\commands.py -> cephvr-2.0.0.dev0\src\cephvr\acquisition\coordinator
copying src\cephvr\acquisition\coordinator\configuration_resolution.py -> cephvr-2.0.0.dev0\src\cephvr\acquisition\coordinator
copying src\cephvr\acquisition\coordinator\evidence.py -> cephvr-2.0.0.dev0\src\cephvr\acquisition\coordinator
copying src\cephvr\acquisition\coordinator\evidence_cleanup.py -> cephvr-2.0.0.dev0\src\cephvr\acquisition\coordinator
copying src\cephvr\acquisition\coordinator\evidence_helpers.py -> cephvr-2.0.0.dev0\src\cephvr\acquisition\coordinator
copying src\cephvr\acquisition\coordinator\evidence_lifecycle.py -> cephvr-2.0.0.dev0\src\cephvr\acquisition\coordinator
copying src\cephvr\acquisition\coordinator\evidence_operations.py -> cephvr-2.0.0.dev0\src\cephvr\acquisition\coordinator
copying src\cephvr\acquisition\coordinator\evidence_ready.py -> cephvr-2.0.0.dev0\src\cephvr\acquisition\coordinator
copying src\cephvr\acquisition\coordinator\evidence_telemetry.py -> cephvr-2.0.0.dev0\src\cephvr\acquisition\coordinator
copying src\cephvr\acquisition\coordinator\health.py -> cephvr-2.0.0.dev0\src\cephvr\acquisition\coordinator
copying src\cephvr\acquisition\coordinator\incidents.py -> cephvr-2.0.0.dev0\src\cephvr\acquisition\coordinator
copying src\cephvr\acquisition\coordinator\manual_device_commands.py -> cephvr-2.0.0.dev0\src\cephvr\acquisition\coordinator
copying src\cephvr\acquisition\coordinator\manual_device_status.py -> cephvr-2.0.0.dev0\src\cephvr\acquisition\coordinator
copying src\cephvr\acquisition\coordinator\manual_devices.py -> cephvr-2.0.0.dev0\src\cephvr\acquisition\coordinator
copying src\cephvr\acquisition\coordinator\manual_operation_results.py -> cephvr-2.0.0.dev0\src\cephvr\acquisition\coordinator
copying src\cephvr\acquisition\coordinator\manual_preview.py -> cephvr-2.0.0.dev0\src\cephvr\acquisition\coordinator
copying src\cephvr\acquisition\coordinator\manual_preview_pulse.py -> cephvr-2.0.0.dev0\src\cephvr\acquisition\coordinator
copying src\cephvr\acquisition\coordinator\manual_preview_resources.py -> cephvr-2.0.0.dev0\src\cephvr\acquisition\coordinator
copying src\cephvr\acquisition\coordinator\manual_preview_setup.py -> cephvr-2.0.0.dev0\src\cephvr\acquisition\coordinator
copying src\cephvr\acquisition\coordinator\manual_preview_start.py -> cephvr-2.0.0.dev0\src\cephvr\acquisition\coordinator
copying src\cephvr\acquisition\coordinator\manual_preview_transfer.py -> cephvr-2.0.0.dev0\src\cephvr\acquisition\coordinator
copying src\cephvr\acquisition\coordinator\manual_pulse_observation.py -> cephvr-2.0.0.dev0\src\cephvr\acquisition\coordinator
copying src\cephvr\acquisition\coordinator\manual_pulses.py -> cephvr-2.0.0.dev0\src\cephvr\acquisition\coordinator
copying src\cephvr\acquisition\coordinator\manual_session_access.py -> cephvr-2.0.0.dev0\src\cephvr\acquisition\coordinator
copying src\cephvr\acquisition\coordinator\operations.py -> cephvr-2.0.0.dev0\src\cephvr\acquisition\coordinator
copying src\cephvr\acquisition\coordinator\prepared_functions.py -> cephvr-2.0.0.dev0\src\cephvr\acquisition\coordinator
copying src\cephvr\acquisition\coordinator\queries.py -> cephvr-2.0.0.dev0\src\cephvr\acquisition\coordinator
copying src\cephvr\acquisition\coordinator\recording_payload.py -> cephvr-2.0.0.dev0\src\cephvr\acquisition\coordinator
copying src\cephvr\acquisition\coordinator\session.py -> cephvr-2.0.0.dev0\src\cephvr\acquisition\coordinator
copying src\cephvr\acquisition\coordinator\session_catalogue.py -> cephvr-2.0.0.dev0\src\cephvr\acquisition\coordinator
copying src\cephvr\acquisition\coordinator\session_payloads.py -> cephvr-2.0.0.dev0\src\cephvr\acquisition\coordinator
copying src\cephvr\acquisition\coordinator\session_preparation.py -> cephvr-2.0.0.dev0\src\cephvr\acquisition\coordinator
copying src\cephvr\acquisition\coordinator\session_resources.py -> cephvr-2.0.0.dev0\src\cephvr\acquisition\coordinator
copying src\cephvr\acquisition\coordinator\session_tracking.py -> cephvr-2.0.0.dev0\src\cephvr\acquisition\coordinator
copying src\cephvr\acquisition\coordinator\session_validation.py -> cephvr-2.0.0.dev0\src\cephvr\acquisition\coordinator
copying src\cephvr\acquisition\coordinator\sessionless_cleanup.py -> cephvr-2.0.0.dev0\src\cephvr\acquisition\coordinator
copying src\cephvr\acquisition\coordinator\shutdown.py -> cephvr-2.0.0.dev0\src\cephvr\acquisition\coordinator
copying src\cephvr\acquisition\coordinator\trial_delivery.py -> cephvr-2.0.0.dev0\src\cephvr\acquisition\coordinator
copying src\cephvr\acquisition\coordinator\trial_helpers.py -> cephvr-2.0.0.dev0\src\cephvr\acquisition\coordinator
copying src\cephvr\acquisition\coordinator\trial_lifecycle.py -> cephvr-2.0.0.dev0\src\cephvr\acquisition\coordinator
copying src\cephvr\acquisition\coordinator\trial_preparation.py -> cephvr-2.0.0.dev0\src\cephvr\acquisition\coordinator
copying src\cephvr\acquisition\coordinator\trial_pulses.py -> cephvr-2.0.0.dev0\src\cephvr\acquisition\coordinator
copying src\cephvr\acquisition\coordinator\trial_schedule_release.py -> cephvr-2.0.0.dev0\src\cephvr\acquisition\coordinator
copying src\cephvr\acquisition\coordinator\trial_termination.py -> cephvr-2.0.0.dev0\src\cephvr\acquisition\coordinator
copying src\cephvr\acquisition\coordinator\trial_validation.py -> cephvr-2.0.0.dev0\src\cephvr\acquisition\coordinator
copying src\cephvr\acquisition\coordinator\trials.py -> cephvr-2.0.0.dev0\src\cephvr\acquisition\coordinator
copying src\cephvr\acquisition\coordinator\workers.py -> cephvr-2.0.0.dev0\src\cephvr\acquisition\coordinator
copying src\cephvr\acquisition\coordinator\state\__init__.py -> cephvr-2.0.0.dev0\src\cephvr\acquisition\coordinator\state
copying src\cephvr\acquisition\coordinator\state\aggregate.py -> cephvr-2.0.0.dev0\src\cephvr\acquisition\coordinator\state
copying src\cephvr\acquisition\coordinator\state\base.py -> cephvr-2.0.0.dev0\src\cephvr\acquisition\coordinator\state
copying src\cephvr\acquisition\coordinator\state\sessions.py -> cephvr-2.0.0.dev0\src\cephvr\acquisition\coordinator\state
copying src\cephvr\acquisition\coordinator\state\workers.py -> cephvr-2.0.0.dev0\src\cephvr\acquisition\coordinator\state
copying src\cephvr\acquisition\microcontroller\__init__.py -> cephvr-2.0.0.dev0\src\cephvr\acquisition\microcontroller
copying src\cephvr\acquisition\microcontroller\bridge.py -> cephvr-2.0.0.dev0\src\cephvr\acquisition\microcontroller
copying src\cephvr\acquisition\microcontroller\channel.py -> cephvr-2.0.0.dev0\src\cephvr\acquisition\microcontroller
copying src\cephvr\acquisition\microcontroller\lazy_owner.py -> cephvr-2.0.0.dev0\src\cephvr\acquisition\microcontroller
copying src\cephvr\acquisition\microcontroller\owner.py -> cephvr-2.0.0.dev0\src\cephvr\acquisition\microcontroller
copying src\cephvr\acquisition\microcontroller\protocol.py -> cephvr-2.0.0.dev0\src\cephvr\acquisition\microcontroller
copying src\cephvr\acquisition\microcontroller\pulses.py -> cephvr-2.0.0.dev0\src\cephvr\acquisition\microcontroller
copying src\cephvr\acquisition\microcontroller\serial_port.py -> cephvr-2.0.0.dev0\src\cephvr\acquisition\microcontroller
copying src\cephvr\acquisition\recording\__init__.py -> cephvr-2.0.0.dev0\src\cephvr\acquisition\recording
copying src\cephvr\acquisition\recording\capabilities.py -> cephvr-2.0.0.dev0\src\cephvr\acquisition\recording
copying src\cephvr\acquisition\recording\encoder.py -> cephvr-2.0.0.dev0\src\cephvr\acquisition\recording
copying src\cephvr\acquisition\recording\encoder_errors.py -> cephvr-2.0.0.dev0\src\cephvr\acquisition\recording
copying src\cephvr\acquisition\recording\encoder_probe.py -> cephvr-2.0.0.dev0\src\cephvr\acquisition\recording
copying src\cephvr\acquisition\recording\encoder_process.py -> cephvr-2.0.0.dev0\src\cephvr\acquisition\recording
copying src\cephvr\acquisition\recording\encoding.py -> cephvr-2.0.0.dev0\src\cephvr\acquisition\recording
copying src\cephvr\acquisition\recording\encoding_rules.py -> cephvr-2.0.0.dev0\src\cephvr\acquisition\recording
copying src\cephvr\acquisition\recording\encoding_types.py -> cephvr-2.0.0.dev0\src\cephvr\acquisition\recording
copying src\cephvr\acquisition\recording\encoding_validation.py -> cephvr-2.0.0.dev0\src\cephvr\acquisition\recording
copying src\cephvr\acquisition\recording\filter_expressions.py -> cephvr-2.0.0.dev0\src\cephvr\acquisition\recording
copying src\cephvr\acquisition\recording\filter_syntax.py -> cephvr-2.0.0.dev0\src\cephvr\acquisition\recording
copying src\cephvr\acquisition\recording\filters.py -> cephvr-2.0.0.dev0\src\cephvr\acquisition\recording
copying src\cephvr\acquisition\recording\frame_log.py -> cephvr-2.0.0.dev0\src\cephvr\acquisition\recording
copying src\cephvr\acquisition\recording\identity.py -> cephvr-2.0.0.dev0\src\cephvr\acquisition\recording
copying src\cephvr\acquisition\recording\negotiation.py -> cephvr-2.0.0.dev0\src\cephvr\acquisition\recording
copying src\cephvr\acquisition\recording\paths.py -> cephvr-2.0.0.dev0\src\cephvr\acquisition\recording
copying src\cephvr\acquisition\recording\pixel_formats.py -> cephvr-2.0.0.dev0\src\cephvr\acquisition\recording
copying src\cephvr\acquisition\recording\progress_watchdog.py -> cephvr-2.0.0.dev0\src\cephvr\acquisition\recording
copying src\cephvr\acquisition\recording\session.py -> cephvr-2.0.0.dev0\src\cephvr\acquisition\recording
copying src\cephvr\acquisition\recording\session_cleanup.py -> cephvr-2.0.0.dev0\src\cephvr\acquisition\recording
copying src\cephvr\acquisition\recording\session_completion.py -> cephvr-2.0.0.dev0\src\cephvr\acquisition\recording
copying src\cephvr\acquisition\recording\session_contracts.py -> cephvr-2.0.0.dev0\src\cephvr\acquisition\recording
copying src\cephvr\acquisition\recording\session_diagnostics.py -> cephvr-2.0.0.dev0\src\cephvr\acquisition\recording
copying src\cephvr\acquisition\recording\session_finalizer.py -> cephvr-2.0.0.dev0\src\cephvr\acquisition\recording
copying src\cephvr\acquisition\recording\session_outputs.py -> cephvr-2.0.0.dev0\src\cephvr\acquisition\recording
copying src\cephvr\acquisition\recording\session_prepare.py -> cephvr-2.0.0.dev0\src\cephvr\acquisition\recording
copying src\cephvr\acquisition\recording\session_pump.py -> cephvr-2.0.0.dev0\src\cephvr\acquisition\recording
copying src\cephvr\acquisition\recording\session_schedule.py -> cephvr-2.0.0.dev0\src\cephvr\acquisition\recording
copying src\cephvr\acquisition\recording\session_storage.py -> cephvr-2.0.0.dev0\src\cephvr\acquisition\recording
copying src\cephvr\acquisition\transport\__init__.py -> cephvr-2.0.0.dev0\src\cephvr\acquisition\transport
copying src\cephvr\acquisition\transport\admission.py -> cephvr-2.0.0.dev0\src\cephvr\acquisition\transport
copying src\cephvr\acquisition\transport\grpc_ports.py -> cephvr-2.0.0.dev0\src\cephvr\acquisition\transport
copying src\cephvr\acquisition\transport\server.py -> cephvr-2.0.0.dev0\src\cephvr\acquisition\transport
copying src\cephvr\acquisition\transport\services.py -> cephvr-2.0.0.dev0\src\cephvr\acquisition\transport
copying src\cephvr\acquisition\v1\__init__.py -> cephvr-2.0.0.dev0\src\cephvr\acquisition\v1
copying src\cephvr\acquisition\worker\__init__.py -> cephvr-2.0.0.dev0\src\cephvr\acquisition\worker
copying src\cephvr\acquisition\worker\bootstrap.py -> cephvr-2.0.0.dev0\src\cephvr\acquisition\worker
copying src\cephvr\acquisition\worker\camera_configuration.py -> cephvr-2.0.0.dev0\src\cephvr\acquisition\worker
copying src\cephvr\acquisition\worker\camera_resolution.py -> cephvr-2.0.0.dev0\src\cephvr\acquisition\worker
copying src\cephvr\acquisition\worker\capture.py -> cephvr-2.0.0.dev0\src\cephvr\acquisition\worker
copying src\cephvr\acquisition\worker\capture_runtime.py -> cephvr-2.0.0.dev0\src\cephvr\acquisition\worker
copying src\cephvr\acquisition\worker\cleanup_lifecycle.py -> cephvr-2.0.0.dev0\src\cephvr\acquisition\worker
copying src\cephvr\acquisition\worker\execution.py -> cephvr-2.0.0.dev0\src\cephvr\acquisition\worker
copying src\cephvr\acquisition\worker\frame_diagnostics.py -> cephvr-2.0.0.dev0\src\cephvr\acquisition\worker
copying src\cephvr\acquisition\worker\function_scopes.py -> cephvr-2.0.0.dev0\src\cephvr\acquisition\worker
copying src\cephvr\acquisition\worker\health.py -> cephvr-2.0.0.dev0\src\cephvr\acquisition\worker
copying src\cephvr\acquisition\worker\limits.py -> cephvr-2.0.0.dev0\src\cephvr\acquisition\worker
copying src\cephvr\acquisition\worker\main.py -> cephvr-2.0.0.dev0\src\cephvr\acquisition\worker
copying src\cephvr\acquisition\worker\owner.py -> cephvr-2.0.0.dev0\src\cephvr\acquisition\worker
copying src\cephvr\acquisition\worker\ports.py -> cephvr-2.0.0.dev0\src\cephvr\acquisition\worker
copying src\cephvr\acquisition\worker\preview_lifecycle.py -> cephvr-2.0.0.dev0\src\cephvr\acquisition\worker
copying src\cephvr\acquisition\worker\pulse_evidence.py -> cephvr-2.0.0.dev0\src\cephvr\acquisition\worker
copying src\cephvr\acquisition\worker\recording_fault.py -> cephvr-2.0.0.dev0\src\cephvr\acquisition\worker
copying src\cephvr\acquisition\worker\recording_handoff.py -> cephvr-2.0.0.dev0\src\cephvr\acquisition\worker
copying src\cephvr\acquisition\worker\recording_ports.py -> cephvr-2.0.0.dev0\src\cephvr\acquisition\worker
copying src\cephvr\acquisition\worker\recording_preparation.py -> cephvr-2.0.0.dev0\src\cephvr\acquisition\worker
copying src\cephvr\acquisition\worker\recording_runtime.py -> cephvr-2.0.0.dev0\src\cephvr\acquisition\worker
copying src\cephvr\acquisition\worker\recording_thread.py -> cephvr-2.0.0.dev0\src\cephvr\acquisition\worker
copying src\cephvr\acquisition\worker\registration.py -> cephvr-2.0.0.dev0\src\cephvr\acquisition\worker
copying src\cephvr\acquisition\worker\report_dispatch.py -> cephvr-2.0.0.dev0\src\cephvr\acquisition\worker
copying src\cephvr\acquisition\worker\reports.py -> cephvr-2.0.0.dev0\src\cephvr\acquisition\worker
copying src\cephvr\acquisition\worker\server.py -> cephvr-2.0.0.dev0\src\cephvr\acquisition\worker
copying src\cephvr\acquisition\worker\service.py -> cephvr-2.0.0.dev0\src\cephvr\acquisition\worker
copying src\cephvr\acquisition\worker\state.py -> cephvr-2.0.0.dev0\src\cephvr\acquisition\worker
copying src\cephvr\acquisition\worker\terminal_scope.py -> cephvr-2.0.0.dev0\src\cephvr\acquisition\worker
copying src\cephvr\acquisition\worker\transport_summary.py -> cephvr-2.0.0.dev0\src\cephvr\acquisition\worker
copying src\cephvr\acquisition\worker\trial_activity.py -> cephvr-2.0.0.dev0\src\cephvr\acquisition\worker
copying src\cephvr\acquisition\worker\trial_lifecycle.py -> cephvr-2.0.0.dev0\src\cephvr\acquisition\worker
copying src\cephvr\acquisition\worker\trial_recording_terminal.py -> cephvr-2.0.0.dev0\src\cephvr\acquisition\worker
copying src\cephvr\acquisition\worker\trial_state.py -> cephvr-2.0.0.dev0\src\cephvr\acquisition\worker
copying src\cephvr\acquisition\worker\trial_stop.py -> cephvr-2.0.0.dev0\src\cephvr\acquisition\worker
copying src\cephvr\acquisition\worker\warnings.py -> cephvr-2.0.0.dev0\src\cephvr\acquisition\worker
copying src\cephvr\client\__init__.py -> cephvr-2.0.0.dev0\src\cephvr\client
copying src\cephvr\client\__main__.py -> cephvr-2.0.0.dev0\src\cephvr\client
copying src\cephvr\client\main.py -> cephvr-2.0.0.dev0\src\cephvr\client
copying src\cephvr\client\session.py -> cephvr-2.0.0.dev0\src\cephvr\client
copying src\cephvr\control\__init__.py -> cephvr-2.0.0.dev0\src\cephvr\control
copying src\cephvr\control\v1\__init__.py -> cephvr-2.0.0.dev0\src\cephvr\control\v1
copying src\cephvr\controller\__init__.py -> cephvr-2.0.0.dev0\src\cephvr\controller
copying src\cephvr\controller\assembly.py -> cephvr-2.0.0.dev0\src\cephvr\controller
copying src\cephvr\controller\authority.py -> cephvr-2.0.0.dev0\src\cephvr\controller
copying src\cephvr\controller\backend.py -> cephvr-2.0.0.dev0\src\cephvr\controller
copying src\cephvr\controller\configuration.py -> cephvr-2.0.0.dev0\src\cephvr\controller
copying src\cephvr\controller\configuration_files.py -> cephvr-2.0.0.dev0\src\cephvr\controller
copying src\cephvr\controller\evidence.py -> cephvr-2.0.0.dev0\src\cephvr\controller
copying src\cephvr\controller\lifecycle_completion.py -> cephvr-2.0.0.dev0\src\cephvr\controller
copying src\cephvr\controller\lifecycle_reports.py -> cephvr-2.0.0.dev0\src\cephvr\controller
copying src\cephvr\controller\main.py -> cephvr-2.0.0.dev0\src\cephvr\controller
copying src\cephvr\controller\planning.py -> cephvr-2.0.0.dev0\src\cephvr\controller
copying src\cephvr\controller\ports.py -> cephvr-2.0.0.dev0\src\cephvr\controller
copying src\cephvr\controller\preparation.py -> cephvr-2.0.0.dev0\src\cephvr\controller
copying src\cephvr\controller\projections.py -> cephvr-2.0.0.dev0\src\cephvr\controller
copying src\cephvr\controller\receipts.py -> cephvr-2.0.0.dev0\src\cephvr\controller
copying src\cephvr\controller\recovery.py -> cephvr-2.0.0.dev0\src\cephvr\controller
copying src\cephvr\controller\recovery_inspection.py -> cephvr-2.0.0.dev0\src\cephvr\controller
copying src\cephvr\controller\resolution.py -> cephvr-2.0.0.dev0\src\cephvr\controller
copying src\cephvr\controller\runtime.py -> cephvr-2.0.0.dev0\src\cephvr\controller
copying src\cephvr\controller\service.py -> cephvr-2.0.0.dev0\src\cephvr\controller
copying src\cephvr\controller\state.py -> cephvr-2.0.0.dev0\src\cephvr\controller
copying src\cephvr\controller\supervision.py -> cephvr-2.0.0.dev0\src\cephvr\controller
copying src\cephvr\controller\control\__init__.py -> cephvr-2.0.0.dev0\src\cephvr\controller\control
copying src\cephvr\controller\control\configuration.py -> cephvr-2.0.0.dev0\src\cephvr\controller\control
copying src\cephvr\controller\control\leases.py -> cephvr-2.0.0.dev0\src\cephvr\controller\control
copying src\cephvr\controller\control\operations.py -> cephvr-2.0.0.dev0\src\cephvr\controller\control
copying src\cephvr\controller\control\prompts.py -> cephvr-2.0.0.dev0\src\cephvr\controller\control
copying src\cephvr\controller\control\snapshots.py -> cephvr-2.0.0.dev0\src\cephvr\controller\control
copying src\cephvr\controller\device\__init__.py -> cephvr-2.0.0.dev0\src\cephvr\controller\device
copying src\cephvr\controller\device\camera.py -> cephvr-2.0.0.dev0\src\cephvr\controller\device
copying src\cephvr\controller\device\display.py -> cephvr-2.0.0.dev0\src\cephvr\controller\device
copying src\cephvr\controller\device\owner_cleanup.py -> cephvr-2.0.0.dev0\src\cephvr\controller\device
copying src\cephvr\controller\device\ports.py -> cephvr-2.0.0.dev0\src\cephvr\controller\device
copying src\cephvr\controller\device\preview.py -> cephvr-2.0.0.dev0\src\cephvr\controller\device
copying src\cephvr\controller\device\readback.py -> cephvr-2.0.0.dev0\src\cephvr\controller\device
copying src\cephvr\controller\device\release_evidence.py -> cephvr-2.0.0.dev0\src\cephvr\controller\device
copying src\cephvr\controller\device\status_retention.py -> cephvr-2.0.0.dev0\src\cephvr\controller\device
copying src\cephvr\controller\device\views.py -> cephvr-2.0.0.dev0\src\cephvr\controller\device
copying src\cephvr\controller\incident\__init__.py -> cephvr-2.0.0.dev0\src\cephvr\controller\incident
copying src\cephvr\controller\incident\coordination.py -> cephvr-2.0.0.dev0\src\cephvr\controller\incident
copying src\cephvr\controller\incident\registry.py -> cephvr-2.0.0.dev0\src\cephvr\controller\incident
copying src\cephvr\controller\incident\scope.py -> cephvr-2.0.0.dev0\src\cephvr\controller\incident
copying src\cephvr\controller\lifecycle\__init__.py -> cephvr-2.0.0.dev0\src\cephvr\controller\lifecycle
copying src\cephvr\controller\lifecycle\acquisition_resolution.py -> cephvr-2.0.0.dev0\src\cephvr\controller\lifecycle
copying src\cephvr\controller\lifecycle\activity.py -> cephvr-2.0.0.dev0\src\cephvr\controller\lifecycle
copying src\cephvr\controller\lifecycle\cleanup.py -> cephvr-2.0.0.dev0\src\cephvr\controller\lifecycle
copying src\cephvr\controller\lifecycle\commands.py -> cephvr-2.0.0.dev0\src\cephvr\controller\lifecycle
copying src\cephvr\controller\lifecycle\evidence_wait.py -> cephvr-2.0.0.dev0\src\cephvr\controller\lifecycle
copying src\cephvr\controller\lifecycle\handoffs.py -> cephvr-2.0.0.dev0\src\cephvr\controller\lifecycle
copying src\cephvr\controller\lifecycle\interruption.py -> cephvr-2.0.0.dev0\src\cephvr\controller\lifecycle
copying src\cephvr\controller\lifecycle\preparation_context.py -> cephvr-2.0.0.dev0\src\cephvr\controller\lifecycle
copying src\cephvr\controller\lifecycle\setup_admission.py -> cephvr-2.0.0.dev0\src\cephvr\controller\lifecycle
copying src\cephvr\controller\lifecycle\setup_execution.py -> cephvr-2.0.0.dev0\src\cephvr\controller\lifecycle
copying src\cephvr\controller\lifecycle\setup_resolution.py -> cephvr-2.0.0.dev0\src\cephvr\controller\lifecycle
copying src\cephvr\controller\lifecycle\start.py -> cephvr-2.0.0.dev0\src\cephvr\controller\lifecycle
copying src\cephvr\controller\lifecycle\trials.py -> cephvr-2.0.0.dev0\src\cephvr\controller\lifecycle
copying src\cephvr\controller\metadata\__init__.py -> cephvr-2.0.0.dev0\src\cephvr\controller\metadata
copying src\cephvr\controller\metadata\coordination.py -> cephvr-2.0.0.dev0\src\cephvr\controller\metadata
copying src\cephvr\controller\metadata\documents.py -> cephvr-2.0.0.dev0\src\cephvr\controller\metadata
copying src\cephvr\controller\metadata\files.py -> cephvr-2.0.0.dev0\src\cephvr\controller\metadata
copying src\cephvr\controller\metadata\reservation.py -> cephvr-2.0.0.dev0\src\cephvr\controller\metadata
copying src\cephvr\controller\metadata\trial_logs.py -> cephvr-2.0.0.dev0\src\cephvr\controller\metadata
copying src\cephvr\controller\metadata\types.py -> cephvr-2.0.0.dev0\src\cephvr\controller\metadata
copying src\cephvr\controller\metadata\writer.py -> cephvr-2.0.0.dev0\src\cephvr\controller\metadata
copying src\cephvr\controller\startup\__init__.py -> cephvr-2.0.0.dev0\src\cephvr\controller\startup
copying src\cephvr\controller\startup\application.py -> cephvr-2.0.0.dev0\src\cephvr\controller\startup
copying src\cephvr\controller\startup\bootstrap.py -> cephvr-2.0.0.dev0\src\cephvr\controller\startup
copying src\cephvr\controller\startup\monitor.py -> cephvr-2.0.0.dev0\src\cephvr\controller\startup
copying src\cephvr\controller\startup\providers.py -> cephvr-2.0.0.dev0\src\cephvr\controller\startup
copying src\cephvr\controller\startup\recovery.py -> cephvr-2.0.0.dev0\src\cephvr\controller\startup
copying src\cephvr\controller\transport\__init__.py -> cephvr-2.0.0.dev0\src\cephvr\controller\transport
copying src\cephvr\controller\transport\admission.py -> cephvr-2.0.0.dev0\src\cephvr\controller\transport
copying src\cephvr\controller\transport\auth.py -> cephvr-2.0.0.dev0\src\cephvr\controller\transport
copying src\cephvr\controller\transport\ingress.py -> cephvr-2.0.0.dev0\src\cephvr\controller\transport
copying src\cephvr\launcher\__init__.py -> cephvr-2.0.0.dev0\src\cephvr\launcher
copying src\cephvr\launcher\decisions.py -> cephvr-2.0.0.dev0\src\cephvr\launcher
copying src\cephvr\launcher\main.py -> cephvr-2.0.0.dev0\src\cephvr\launcher
copying src\cephvr\platform\__init__.py -> cephvr-2.0.0.dev0\src\cephvr\platform
copying src\cephvr\platform\windows\__init__.py -> cephvr-2.0.0.dev0\src\cephvr\platform\windows
copying src\cephvr\platform\windows\atomics.py -> cephvr-2.0.0.dev0\src\cephvr\platform\windows
copying src\cephvr\platform\windows\bootstrap.py -> cephvr-2.0.0.dev0\src\cephvr\platform\windows
copying src\cephvr\platform\windows\byte_stream.py -> cephvr-2.0.0.dev0\src\cephvr\platform\windows
copying src\cephvr\platform\windows\byte_stream_factory.py -> cephvr-2.0.0.dev0\src\cephvr\platform\windows
copying src\cephvr\platform\windows\byte_stream_native.py -> cephvr-2.0.0.dev0\src\cephvr\platform\windows
copying src\cephvr\platform\windows\cephvr_atomics.dll -> cephvr-2.0.0.dev0\src\cephvr\platform\windows
copying src\cephvr\platform\windows\display_identity.py -> cephvr-2.0.0.dev0\src\cephvr\platform\windows
copying src\cephvr\platform\windows\durable.py -> cephvr-2.0.0.dev0\src\cephvr\platform\windows
copying src\cephvr\platform\windows\encoder_process.py -> cephvr-2.0.0.dev0\src\cephvr\platform\windows
copying src\cephvr\platform\windows\events.py -> cephvr-2.0.0.dev0\src\cephvr\platform\windows
copying src\cephvr\platform\windows\file_sync.py -> cephvr-2.0.0.dev0\src\cephvr\platform\windows
copying src\cephvr\platform\windows\guard.py -> cephvr-2.0.0.dev0\src\cephvr\platform\windows
copying src\cephvr\platform\windows\jobs.py -> cephvr-2.0.0.dev0\src\cephvr\platform\windows
copying src\cephvr\platform\windows\mappings.py -> cephvr-2.0.0.dev0\src\cephvr\platform\windows
copying src\cephvr\platform\windows\message_pipe.py -> cephvr-2.0.0.dev0\src\cephvr\platform\windows
copying src\cephvr\platform\windows\message_server.py -> cephvr-2.0.0.dev0\src\cephvr\platform\windows
copying src\cephvr\platform\windows\nvenc_api.py -> cephvr-2.0.0.dev0\src\cephvr\platform\windows
copying src\cephvr\platform\windows\nvenc_capabilities.py -> cephvr-2.0.0.dev0\src\cephvr\platform\windows
copying src\cephvr\platform\windows\nvenc_features.py -> cephvr-2.0.0.dev0\src\cephvr\platform\windows
copying src\cephvr\platform\windows\nvidia_device.py -> cephvr-2.0.0.dev0\src\cephvr\platform\windows
copying src\cephvr\platform\windows\resource_ledger.py -> cephvr-2.0.0.dev0\src\cephvr\platform\windows
copying src\cephvr\platform\windows\security.py -> cephvr-2.0.0.dev0\src\cephvr\platform\windows
copying src\cephvr\shared\__init__.py -> cephvr-2.0.0.dev0\src\cephvr\shared
copying src\cephvr\shared\admission.py -> cephvr-2.0.0.dev0\src\cephvr\shared
copying src\cephvr\shared\auth.py -> cephvr-2.0.0.dev0\src\cephvr\shared
copying src\cephvr\shared\backend_bootstrap.py -> cephvr-2.0.0.dev0\src\cephvr\shared
copying src\cephvr\shared\cleanup_outputs.py -> cephvr-2.0.0.dev0\src\cephvr\shared
copying src\cephvr\shared\clock.py -> cephvr-2.0.0.dev0\src\cephvr\shared
copying src\cephvr\shared\commands.py -> cephvr-2.0.0.dev0\src\cephvr\shared
copying src\cephvr\shared\config.py -> cephvr-2.0.0.dev0\src\cephvr\shared
copying src\cephvr\shared\credentials.py -> cephvr-2.0.0.dev0\src\cephvr\shared
copying src\cephvr\shared\deadlines.py -> cephvr-2.0.0.dev0\src\cephvr\shared
copying src\cephvr\shared\emergency.py -> cephvr-2.0.0.dev0\src\cephvr\shared
copying src\cephvr\shared\encoder_errors.py -> cephvr-2.0.0.dev0\src\cephvr\shared
copying src\cephvr\shared\encoder_io.py -> cephvr-2.0.0.dev0\src\cephvr\shared
copying src\cephvr\shared\encoder_probe.py -> cephvr-2.0.0.dev0\src\cephvr\shared
copying src\cephvr\shared\ffmpeg_arguments.py -> cephvr-2.0.0.dev0\src\cephvr\shared
copying src\cephvr\shared\ffmpeg_capabilities.py -> cephvr-2.0.0.dev0\src\cephvr\shared
copying src\cephvr\shared\ffmpeg_encoding_rules.py -> cephvr-2.0.0.dev0\src\cephvr\shared
copying src\cephvr\shared\ffmpeg_filter_expressions.py -> cephvr-2.0.0.dev0\src\cephvr\shared
copying src\cephvr\shared\ffmpeg_filter_syntax.py -> cephvr-2.0.0.dev0\src\cephvr\shared
copying src\cephvr\shared\ffmpeg_filters.py -> cephvr-2.0.0.dev0\src\cephvr\shared
copying src\cephvr\shared\ffmpeg_pixel_formats.py -> cephvr-2.0.0.dev0\src\cephvr\shared
copying src\cephvr\shared\ffmpeg_types.py -> cephvr-2.0.0.dev0\src\cephvr\shared
copying src\cephvr\shared\ffmpeg_validation.py -> cephvr-2.0.0.dev0\src\cephvr\shared
copying src\cephvr\shared\identity.py -> cephvr-2.0.0.dev0\src\cephvr\shared
copying src\cephvr\shared\incidents.py -> cephvr-2.0.0.dev0\src\cephvr\shared
copying src\cephvr\shared\ingress.py -> cephvr-2.0.0.dev0\src\cephvr\shared
copying src\cephvr\shared\recovery.py -> cephvr-2.0.0.dev0\src\cephvr\shared
copying src\cephvr\shared\resources.py -> cephvr-2.0.0.dev0\src\cephvr\shared
copying src\cephvr\shared\supervised_encoder.py -> cephvr-2.0.0.dev0\src\cephvr\shared
copying src\cephvr\shared\transport_deadlines.py -> cephvr-2.0.0.dev0\src\cephvr\shared
copying src\cephvr\shared\pixels\__init__.py -> cephvr-2.0.0.dev0\src\cephvr\shared\pixels
copying src\cephvr\shared\pixels\preparer.py -> cephvr-2.0.0.dev0\src\cephvr\shared\pixels
copying src\cephvr\shared\pixels\scaling.py -> cephvr-2.0.0.dev0\src\cephvr\shared\pixels
copying src\cephvr\shared\pixels\types.py -> cephvr-2.0.0.dev0\src\cephvr\shared\pixels
copying src\cephvr\supervisor\__init__.py -> cephvr-2.0.0.dev0\src\cephvr\supervisor
copying src\cephvr\supervisor\acquisition_worker.py -> cephvr-2.0.0.dev0\src\cephvr\supervisor
copying src\cephvr\supervisor\health.py -> cephvr-2.0.0.dev0\src\cephvr\supervisor
copying src\cephvr\supervisor\main.py -> cephvr-2.0.0.dev0\src\cephvr\supervisor
copying src\cephvr\supervisor\outbound.py -> cephvr-2.0.0.dev0\src\cephvr\supervisor
copying src\cephvr\supervisor\ports.py -> cephvr-2.0.0.dev0\src\cephvr\supervisor
copying src\cephvr\supervisor\process_exit.py -> cephvr-2.0.0.dev0\src\cephvr\supervisor
copying src\cephvr\supervisor\receipts.py -> cephvr-2.0.0.dev0\src\cephvr\supervisor
copying src\cephvr\supervisor\recovery.py -> cephvr-2.0.0.dev0\src\cephvr\supervisor
copying src\cephvr\supervisor\registration.py -> cephvr-2.0.0.dev0\src\cephvr\supervisor
copying src\cephvr\supervisor\registry.py -> cephvr-2.0.0.dev0\src\cephvr\supervisor
copying src\cephvr\supervisor\runtime.py -> cephvr-2.0.0.dev0\src\cephvr\supervisor
copying src\cephvr\supervisor\service.py -> cephvr-2.0.0.dev0\src\cephvr\supervisor
copying src\cephvr\supervisor\shutdown.py -> cephvr-2.0.0.dev0\src\cephvr\supervisor
copying src\cephvr\supervisor\startup.py -> cephvr-2.0.0.dev0\src\cephvr\supervisor
copying src\cephvr\supervisor\state.py -> cephvr-2.0.0.dev0\src\cephvr\supervisor
copying src\cephvr\supervisor\status.py -> cephvr-2.0.0.dev0\src\cephvr\supervisor
copying src\cephvr\supervisor\visual_stimulus_worker.py -> cephvr-2.0.0.dev0\src\cephvr\supervisor
copying src\cephvr\supervisor\worker_context.py -> cephvr-2.0.0.dev0\src\cephvr\supervisor
copying src\cephvr\supervisor\worker_outbound.py -> cephvr-2.0.0.dev0\src\cephvr\supervisor
copying src\cephvr\synchronization\__init__.py -> cephvr-2.0.0.dev0\src\cephvr\synchronization
copying src\cephvr\synchronization\v1\__init__.py -> cephvr-2.0.0.dev0\src\cephvr\synchronization\v1
copying src\cephvr\tracking\__init__.py -> cephvr-2.0.0.dev0\src\cephvr\tracking
copying src\cephvr\tracking\configuration.py -> cephvr-2.0.0.dev0\src\cephvr\tracking
copying src\cephvr\tracking\main.py -> cephvr-2.0.0.dev0\src\cephvr\tracking
copying src\cephvr\tracking\recording_schema.py -> cephvr-2.0.0.dev0\src\cephvr\tracking
copying src\cephvr\tracking\runtime.py -> cephvr-2.0.0.dev0\src\cephvr\tracking
copying src\cephvr\tracking\types.py -> cephvr-2.0.0.dev0\src\cephvr\tracking
copying src\cephvr\tracking\config\__init__.py -> cephvr-2.0.0.dev0\src\cephvr\tracking\config
copying src\cephvr\tracking\config\annotations.py -> cephvr-2.0.0.dev0\src\cephvr\tracking\config
copying src\cephvr\tracking\config\files.py -> cephvr-2.0.0.dev0\src\cephvr\tracking\config
copying src\cephvr\tracking\config\pipeline.py -> cephvr-2.0.0.dev0\src\cephvr\tracking\config
copying src\cephvr\tracking\config\stages.py -> cephvr-2.0.0.dev0\src\cephvr\tracking\config
copying src\cephvr\tracking\config\validation.py -> cephvr-2.0.0.dev0\src\cephvr\tracking\config
copying src\cephvr\tracking\config\models\__init__.py -> cephvr-2.0.0.dev0\src\cephvr\tracking\config\models
copying src\cephvr\tracking\config\models\methods.py -> cephvr-2.0.0.dev0\src\cephvr\tracking\config\models
copying src\cephvr\tracking\config\models\records.py -> cephvr-2.0.0.dev0\src\cephvr\tracking\config\models
copying src\cephvr\tracking\coordinator\__init__.py -> cephvr-2.0.0.dev0\src\cephvr\tracking\coordinator
copying src\cephvr\tracking\coordinator\commands.py -> cephvr-2.0.0.dev0\src\cephvr\tracking\coordinator
copying src\cephvr\tracking\coordinator\ports.py -> cephvr-2.0.0.dev0\src\cephvr\tracking\coordinator
copying src\cephvr\tracking\coordinator\projection.py -> cephvr-2.0.0.dev0\src\cephvr\tracking\coordinator
copying src\cephvr\tracking\coordinator\reports.py -> cephvr-2.0.0.dev0\src\cephvr\tracking\coordinator
copying src\cephvr\tracking\coordinator\state.py -> cephvr-2.0.0.dev0\src\cephvr\tracking\coordinator
copying src\cephvr\tracking\coordinator\trials.py -> cephvr-2.0.0.dev0\src\cephvr\tracking\coordinator
copying src\cephvr\tracking\feedback\__init__.py -> cephvr-2.0.0.dev0\src\cephvr\tracking\feedback
copying src\cephvr\tracking\feedback\delivery.py -> cephvr-2.0.0.dev0\src\cephvr\tracking\feedback
copying src\cephvr\tracking\feedback\transport.py -> cephvr-2.0.0.dev0\src\cephvr\tracking\feedback
copying src\cephvr\tracking\methods\__init__.py -> cephvr-2.0.0.dev0\src\cephvr\tracking\methods
copying src\cephvr\tracking\methods\association.py -> cephvr-2.0.0.dev0\src\cephvr\tracking\methods
copying src\cephvr\tracking\methods\contour.py -> cephvr-2.0.0.dev0\src\cephvr\tracking\methods
copying src\cephvr\tracking\methods\flow_buffers.py -> cephvr-2.0.0.dev0\src\cephvr\tracking\methods
copying src\cephvr\tracking\methods\geometry.py -> cephvr-2.0.0.dev0\src\cephvr\tracking\methods
copying src\cephvr\tracking\methods\images.py -> cephvr-2.0.0.dev0\src\cephvr\tracking\methods
copying src\cephvr\tracking\methods\landmarks.py -> cephvr-2.0.0.dev0\src\cephvr\tracking\methods
copying src\cephvr\tracking\methods\model.py -> cephvr-2.0.0.dev0\src\cephvr\tracking\methods
copying src\cephvr\tracking\methods\model_assets.py -> cephvr-2.0.0.dev0\src\cephvr\tracking\methods
copying src\cephvr\tracking\methods\model_placement.py -> cephvr-2.0.0.dev0\src\cephvr\tracking\methods
copying src\cephvr\tracking\methods\model_tensor.py -> cephvr-2.0.0.dev0\src\cephvr\tracking\methods
copying src\cephvr\tracking\methods\nvidia.py -> cephvr-2.0.0.dev0\src\cephvr\tracking\methods
copying src\cephvr\tracking\methods\outline.py -> cephvr-2.0.0.dev0\src\cephvr\tracking\methods
copying src\cephvr\tracking\methods\proxy.py -> cephvr-2.0.0.dev0\src\cephvr\tracking\methods
copying src\cephvr\tracking\methods\screening.py -> cephvr-2.0.0.dev0\src\cephvr\tracking\methods
copying src\cephvr\tracking\native\__init__.py -> cephvr-2.0.0.dev0\src\cephvr\tracking\native
copying src\cephvr\tracking\native\cephvr_nvof.dll -> cephvr-2.0.0.dev0\src\cephvr\tracking\native
copying src\cephvr\tracking\native\nvof.py -> cephvr-2.0.0.dev0\src\cephvr\tracking\native
copying src\cephvr\tracking\processing\__init__.py -> cephvr-2.0.0.dev0\src\cephvr\tracking\processing
copying src\cephvr\tracking\processing\frames.py -> cephvr-2.0.0.dev0\src\cephvr\tracking\processing
copying src\cephvr\tracking\processing\gate.py -> cephvr-2.0.0.dev0\src\cephvr\tracking\processing
copying src\cephvr\tracking\processing\history.py -> cephvr-2.0.0.dev0\src\cephvr\tracking\processing
copying src\cephvr\tracking\processing\movement.py -> cephvr-2.0.0.dev0\src\cephvr\tracking\processing
copying src\cephvr\tracking\processing\pose.py -> cephvr-2.0.0.dev0\src\cephvr\tracking\processing
copying src\cephvr\tracking\processing\session.py -> cephvr-2.0.0.dev0\src\cephvr\tracking\processing
copying src\cephvr\tracking\processing\source.py -> cephvr-2.0.0.dev0\src\cephvr\tracking\processing
copying src\cephvr\tracking\recording\__init__.py -> cephvr-2.0.0.dev0\src\cephvr\tracking\recording
copying src\cephvr\tracking\recording\codec.py -> cephvr-2.0.0.dev0\src\cephvr\tracking\recording
copying src\cephvr\tracking\recording\results.py -> cephvr-2.0.0.dev0\src\cephvr\tracking\recording
copying src\cephvr\tracking\recording\writer.py -> cephvr-2.0.0.dev0\src\cephvr\tracking\recording
copying src\cephvr\tracking\transport\__init__.py -> cephvr-2.0.0.dev0\src\cephvr\tracking\transport
copying src\cephvr\tracking\transport\boundary.py -> cephvr-2.0.0.dev0\src\cephvr\tracking\transport
copying src\cephvr\tracking\transport\peers.py -> cephvr-2.0.0.dev0\src\cephvr\tracking\transport
copying src\cephvr\tracking\transport\server.py -> cephvr-2.0.0.dev0\src\cephvr\tracking\transport
copying src\cephvr\tracking\transport\services.py -> cephvr-2.0.0.dev0\src\cephvr\tracking\transport
copying src\cephvr\tracking\v1\__init__.py -> cephvr-2.0.0.dev0\src\cephvr\tracking\v1
copying src\cephvr\visual_stimulus\__init__.py -> cephvr-2.0.0.dev0\src\cephvr\visual_stimulus
copying src\cephvr\visual_stimulus\configuration.py -> cephvr-2.0.0.dev0\src\cephvr\visual_stimulus
copying src\cephvr\visual_stimulus\identity.py -> cephvr-2.0.0.dev0\src\cephvr\visual_stimulus
copying src\cephvr\visual_stimulus\main.py -> cephvr-2.0.0.dev0\src\cephvr\visual_stimulus
copying src\cephvr\visual_stimulus\recording_schema.py -> cephvr-2.0.0.dev0\src\cephvr\visual_stimulus
copying src\cephvr\visual_stimulus\runtime.py -> cephvr-2.0.0.dev0\src\cephvr\visual_stimulus
copying src\cephvr\visual_stimulus\worker_launcher.py -> cephvr-2.0.0.dev0\src\cephvr\visual_stimulus
copying src\cephvr\visual_stimulus\compiler\__init__.py -> cephvr-2.0.0.dev0\src\cephvr\visual_stimulus\compiler
copying src\cephvr\visual_stimulus\compiler\compile.py -> cephvr-2.0.0.dev0\src\cephvr\visual_stimulus\compiler
copying src\cephvr\visual_stimulus\compiler\durations.py -> cephvr-2.0.0.dev0\src\cephvr\visual_stimulus\compiler
copying src\cephvr\visual_stimulus\compiler\expansion.py -> cephvr-2.0.0.dev0\src\cephvr\visual_stimulus\compiler
copying src\cephvr\visual_stimulus\compiler\transitions.py -> cephvr-2.0.0.dev0\src\cephvr\visual_stimulus\compiler
copying src\cephvr\visual_stimulus\compiler\warnings.py -> cephvr-2.0.0.dev0\src\cephvr\visual_stimulus\compiler
copying src\cephvr\visual_stimulus\config\__init__.py -> cephvr-2.0.0.dev0\src\cephvr\visual_stimulus\config
copying src\cephvr\visual_stimulus\config\models\__init__.py -> cephvr-2.0.0.dev0\src\cephvr\visual_stimulus\config\models
copying src\cephvr\visual_stimulus\config\models\artifact_models.py -> cephvr-2.0.0.dev0\src\cephvr\visual_stimulus\config\models
copying src\cephvr\visual_stimulus\config\models\display_profile.py -> cephvr-2.0.0.dev0\src\cephvr\visual_stimulus\config\models
copying src\cephvr\visual_stimulus\config\models\evidence_model.py -> cephvr-2.0.0.dev0\src\cephvr\visual_stimulus\config\models
copying src\cephvr\visual_stimulus\config\models\parameter_catalogue.py -> cephvr-2.0.0.dev0\src\cephvr\visual_stimulus\config\models
copying src\cephvr\visual_stimulus\config\models\photometric_profile.py -> cephvr-2.0.0.dev0\src\cephvr\visual_stimulus\config\models
copying src\cephvr\visual_stimulus\config\models\program_model.py -> cephvr-2.0.0.dev0\src\cephvr\visual_stimulus\config\models
copying src\cephvr\visual_stimulus\config\models\schema_common.py -> cephvr-2.0.0.dev0\src\cephvr\visual_stimulus\config\models
copying src\cephvr\visual_stimulus\coordinator\__init__.py -> cephvr-2.0.0.dev0\src\cephvr\visual_stimulus\coordinator
copying src\cephvr\visual_stimulus\coordinator\commands.py -> cephvr-2.0.0.dev0\src\cephvr\visual_stimulus\coordinator
copying src\cephvr\visual_stimulus\coordinator\incidents.py -> cephvr-2.0.0.dev0\src\cephvr\visual_stimulus\coordinator
copying src\cephvr\visual_stimulus\coordinator\obligations.py -> cephvr-2.0.0.dev0\src\cephvr\visual_stimulus\coordinator
copying src\cephvr\visual_stimulus\coordinator\ports.py -> cephvr-2.0.0.dev0\src\cephvr\visual_stimulus\coordinator
copying src\cephvr\visual_stimulus\coordinator\projection.py -> cephvr-2.0.0.dev0\src\cephvr\visual_stimulus\coordinator
copying src\cephvr\visual_stimulus\coordinator\ready.py -> cephvr-2.0.0.dev0\src\cephvr\visual_stimulus\coordinator
copying src\cephvr\visual_stimulus\coordinator\recipes.py -> cephvr-2.0.0.dev0\src\cephvr\visual_stimulus\coordinator
copying src\cephvr\visual_stimulus\coordinator\reports.py -> cephvr-2.0.0.dev0\src\cephvr\visual_stimulus\coordinator
copying src\cephvr\visual_stimulus\coordinator\state.py -> cephvr-2.0.0.dev0\src\cephvr\visual_stimulus\coordinator
copying src\cephvr\visual_stimulus\feedback\__init__.py -> cephvr-2.0.0.dev0\src\cephvr\visual_stimulus\feedback
copying src\cephvr\visual_stimulus\feedback\arena.py -> cephvr-2.0.0.dev0\src\cephvr\visual_stimulus\feedback
copying src\cephvr\visual_stimulus\feedback\batch.py -> cephvr-2.0.0.dev0\src\cephvr\visual_stimulus\feedback
copying src\cephvr\visual_stimulus\feedback\consumer.py -> cephvr-2.0.0.dev0\src\cephvr\visual_stimulus\feedback
copying src\cephvr\visual_stimulus\feedback\credits.py -> cephvr-2.0.0.dev0\src\cephvr\visual_stimulus\feedback
copying src\cephvr\visual_stimulus\feedback\mapping.py -> cephvr-2.0.0.dev0\src\cephvr\visual_stimulus\feedback
copying src\cephvr\visual_stimulus\feedback\native.py -> cephvr-2.0.0.dev0\src\cephvr\visual_stimulus\feedback
copying src\cephvr\visual_stimulus\feedback\pipe_consumer.py -> cephvr-2.0.0.dev0\src\cephvr\visual_stimulus\feedback
copying src\cephvr\visual_stimulus\feedback\wire.py -> cephvr-2.0.0.dev0\src\cephvr\visual_stimulus\feedback
copying src\cephvr\visual_stimulus\recording\__init__.py -> cephvr-2.0.0.dev0\src\cephvr\visual_stimulus\recording
copying src\cephvr\visual_stimulus\recording\capture.py -> cephvr-2.0.0.dev0\src\cephvr\visual_stimulus\recording
copying src\cephvr\visual_stimulus\recording\capture_runtime.py -> cephvr-2.0.0.dev0\src\cephvr\visual_stimulus\recording
copying src\cephvr\visual_stimulus\recording\completion.py -> cephvr-2.0.0.dev0\src\cephvr\visual_stimulus\recording
copying src\cephvr\visual_stimulus\recording\encoder_owner.py -> cephvr-2.0.0.dev0\src\cephvr\visual_stimulus\recording
copying src\cephvr\visual_stimulus\recording\encoding.py -> cephvr-2.0.0.dev0\src\cephvr\visual_stimulus\recording
copying src\cephvr\visual_stimulus\recording\encoding_probe.py -> cephvr-2.0.0.dev0\src\cephvr\visual_stimulus\recording
copying src\cephvr\visual_stimulus\recording\evidence.py -> cephvr-2.0.0.dev0\src\cephvr\visual_stimulus\recording
copying src\cephvr\visual_stimulus\recording\evidence_records.py -> cephvr-2.0.0.dev0\src\cephvr\visual_stimulus\recording
copying src\cephvr\visual_stimulus\recording\native.py -> cephvr-2.0.0.dev0\src\cephvr\visual_stimulus\recording
copying src\cephvr\visual_stimulus\recording\outcomes.py -> cephvr-2.0.0.dev0\src\cephvr\visual_stimulus\recording
copying src\cephvr\visual_stimulus\recording\recipe.py -> cephvr-2.0.0.dev0\src\cephvr\visual_stimulus\recording
copying src\cephvr\visual_stimulus\recording\session.py -> cephvr-2.0.0.dev0\src\cephvr\visual_stimulus\recording
copying src\cephvr\visual_stimulus\rendering\__init__.py -> cephvr-2.0.0.dev0\src\cephvr\visual_stimulus\rendering
copying src\cephvr\visual_stimulus\rendering\arena.py -> cephvr-2.0.0.dev0\src\cephvr\visual_stimulus\rendering
copying src\cephvr\visual_stimulus\rendering\arena_draw.py -> cephvr-2.0.0.dev0\src\cephvr\visual_stimulus\rendering
copying src\cephvr\visual_stimulus\rendering\arena_gpu.py -> cephvr-2.0.0.dev0\src\cephvr\visual_stimulus\rendering
copying src\cephvr\visual_stimulus\rendering\capture.py -> cephvr-2.0.0.dev0\src\cephvr\visual_stimulus\rendering
copying src\cephvr\visual_stimulus\rendering\capture_sync.py -> cephvr-2.0.0.dev0\src\cephvr\visual_stimulus\rendering
copying src\cephvr\visual_stimulus\rendering\color.py -> cephvr-2.0.0.dev0\src\cephvr\visual_stimulus\rendering
copying src\cephvr\visual_stimulus\rendering\diagnostics.py -> cephvr-2.0.0.dev0\src\cephvr\visual_stimulus\rendering
copying src\cephvr\visual_stimulus\rendering\engine.py -> cephvr-2.0.0.dev0\src\cephvr\visual_stimulus\rendering
copying src\cephvr\visual_stimulus\rendering\evidence.py -> cephvr-2.0.0.dev0\src\cephvr\visual_stimulus\rendering
copying src\cephvr\visual_stimulus\rendering\layer_projection.py -> cephvr-2.0.0.dev0\src\cephvr\visual_stimulus\rendering
copying src\cephvr\visual_stimulus\rendering\motion.py -> cephvr-2.0.0.dev0\src\cephvr\visual_stimulus\rendering
copying src\cephvr\visual_stimulus\rendering\native.py -> cephvr-2.0.0.dev0\src\cephvr\visual_stimulus\rendering
copying src\cephvr\visual_stimulus\rendering\native_display.py -> cephvr-2.0.0.dev0\src\cephvr\visual_stimulus\rendering
copying src\cephvr\visual_stimulus\rendering\projection.py -> cephvr-2.0.0.dev0\src\cephvr\visual_stimulus\rendering
copying src\cephvr\visual_stimulus\rendering\scene.py -> cephvr-2.0.0.dev0\src\cephvr\visual_stimulus\rendering
copying src\cephvr\visual_stimulus\rendering\scene_resources.py -> cephvr-2.0.0.dev0\src\cephvr\visual_stimulus\rendering
copying src\cephvr\visual_stimulus\rendering\shaders.py -> cephvr-2.0.0.dev0\src\cephvr\visual_stimulus\rendering
copying src\cephvr\visual_stimulus\rendering\state.py -> cephvr-2.0.0.dev0\src\cephvr\visual_stimulus\rendering
copying src\cephvr\visual_stimulus\rendering\types.py -> cephvr-2.0.0.dev0\src\cephvr\visual_stimulus\rendering
copying src\cephvr\visual_stimulus\rendering\upload.py -> cephvr-2.0.0.dev0\src\cephvr\visual_stimulus\rendering
copying src\cephvr\visual_stimulus\resources\__init__.py -> cephvr-2.0.0.dev0\src\cephvr\visual_stimulus\resources
copying src\cephvr\visual_stimulus\resources\arena.py -> cephvr-2.0.0.dev0\src\cephvr\visual_stimulus\resources
copying src\cephvr\visual_stimulus\resources\assets.py -> cephvr-2.0.0.dev0\src\cephvr\visual_stimulus\resources
copying src\cephvr\visual_stimulus\resources\budget.py -> cephvr-2.0.0.dev0\src\cephvr\visual_stimulus\resources
copying src\cephvr\visual_stimulus\resources\calibration.py -> cephvr-2.0.0.dev0\src\cephvr\visual_stimulus\resources
copying src\cephvr\visual_stimulus\resources\ffv1_configuration.py -> cephvr-2.0.0.dev0\src\cephvr\visual_stimulus\resources
copying src\cephvr\visual_stimulus\resources\glb.py -> cephvr-2.0.0.dev0\src\cephvr\visual_stimulus\resources
copying src\cephvr\visual_stimulus\resources\glb_materials.py -> cephvr-2.0.0.dev0\src\cephvr\visual_stimulus\resources
copying src\cephvr\visual_stimulus\resources\image_headers.py -> cephvr-2.0.0.dev0\src\cephvr\visual_stimulus\resources
copying src\cephvr\visual_stimulus\resources\media.py -> cephvr-2.0.0.dev0\src\cephvr\visual_stimulus\resources
copying src\cephvr\visual_stimulus\resources\prepare.py -> cephvr-2.0.0.dev0\src\cephvr\visual_stimulus\resources
copying src\cephvr\visual_stimulus\resources\protected.py -> cephvr-2.0.0.dev0\src\cephvr\visual_stimulus\resources
copying src\cephvr\visual_stimulus\resources\session.py -> cephvr-2.0.0.dev0\src\cephvr\visual_stimulus\resources
copying src\cephvr\visual_stimulus\resources\uniforms.py -> cephvr-2.0.0.dev0\src\cephvr\visual_stimulus\resources
copying src\cephvr\visual_stimulus\resources\video.py -> cephvr-2.0.0.dev0\src\cephvr\visual_stimulus\resources
copying src\cephvr\visual_stimulus\resources\video_decoder.py -> cephvr-2.0.0.dev0\src\cephvr\visual_stimulus\resources
copying src\cephvr\visual_stimulus\resources\video_index.py -> cephvr-2.0.0.dev0\src\cephvr\visual_stimulus\resources
copying src\cephvr\visual_stimulus\resources\video_selection.py -> cephvr-2.0.0.dev0\src\cephvr\visual_stimulus\resources
copying src\cephvr\visual_stimulus\resources\video_session.py -> cephvr-2.0.0.dev0\src\cephvr\visual_stimulus\resources
copying src\cephvr\visual_stimulus\transport\__init__.py -> cephvr-2.0.0.dev0\src\cephvr\visual_stimulus\transport
copying src\cephvr\visual_stimulus\transport\boundary.py -> cephvr-2.0.0.dev0\src\cephvr\visual_stimulus\transport
copying src\cephvr\visual_stimulus\transport\messages.py -> cephvr-2.0.0.dev0\src\cephvr\visual_stimulus\transport
copying src\cephvr\visual_stimulus\transport\peers.py -> cephvr-2.0.0.dev0\src\cephvr\visual_stimulus\transport
copying src\cephvr\visual_stimulus\transport\pending.py -> cephvr-2.0.0.dev0\src\cephvr\visual_stimulus\transport
copying src\cephvr\visual_stimulus\transport\server.py -> cephvr-2.0.0.dev0\src\cephvr\visual_stimulus\transport
copying src\cephvr\visual_stimulus\transport\services.py -> cephvr-2.0.0.dev0\src\cephvr\visual_stimulus\transport
copying src\cephvr\visual_stimulus\v1\__init__.py -> cephvr-2.0.0.dev0\src\cephvr\visual_stimulus\v1
copying src\cephvr\visual_stimulus\worker\__init__.py -> cephvr-2.0.0.dev0\src\cephvr\visual_stimulus\worker
copying src\cephvr\visual_stimulus\worker\bootstrap.py -> cephvr-2.0.0.dev0\src\cephvr\visual_stimulus\worker
copying src\cephvr\visual_stimulus\worker\cleanup.py -> cephvr-2.0.0.dev0\src\cephvr\visual_stimulus\worker
copying src\cephvr\visual_stimulus\worker\display_initialization.py -> cephvr-2.0.0.dev0\src\cephvr\visual_stimulus\worker
copying src\cephvr\visual_stimulus\worker\lifecycle.py -> cephvr-2.0.0.dev0\src\cephvr\visual_stimulus\worker
copying src\cephvr\visual_stimulus\worker\main.py -> cephvr-2.0.0.dev0\src\cephvr\visual_stimulus\worker
copying src\cephvr\visual_stimulus\worker\native.py -> cephvr-2.0.0.dev0\src\cephvr\visual_stimulus\worker
copying src\cephvr\visual_stimulus\worker\owner.py -> cephvr-2.0.0.dev0\src\cephvr\visual_stimulus\worker
copying src\cephvr\visual_stimulus\worker\ports.py -> cephvr-2.0.0.dev0\src\cephvr\visual_stimulus\worker
copying src\cephvr\visual_stimulus\worker\preparation.py -> cephvr-2.0.0.dev0\src\cephvr\visual_stimulus\worker
copying src\cephvr\visual_stimulus\worker\registration.py -> cephvr-2.0.0.dev0\src\cephvr\visual_stimulus\worker
copying src\cephvr\visual_stimulus\worker\reporting.py -> cephvr-2.0.0.dev0\src\cephvr\visual_stimulus\worker
copying src\cephvr\visual_stimulus\worker\runtime.py -> cephvr-2.0.0.dev0\src\cephvr\visual_stimulus\worker
copying src\cephvr\visual_stimulus\worker\state.py -> cephvr-2.0.0.dev0\src\cephvr\visual_stimulus\worker
copying src\cephvr\visual_stimulus\worker\timing.py -> cephvr-2.0.0.dev0\src\cephvr\visual_stimulus\worker
copying src\cephvr\visual_stimulus\worker\trial_admissions.py -> cephvr-2.0.0.dev0\src\cephvr\visual_stimulus\worker
copying src\cephvr\visual_stimulus\worker\trials.py -> cephvr-2.0.0.dev0\src\cephvr\visual_stimulus\worker
copying tools\build_backend.py -> cephvr-2.0.0.dev0\tools
copying tools\generate_contracts.py -> cephvr-2.0.0.dev0\tools
copying src\cephvr.egg-info\SOURCES.txt -> cephvr-2.0.0.dev0\src\cephvr.egg-info
Writing cephvr-2.0.0.dev0\setup.cfg
Creating tar archive
removing 'cephvr-2.0.0.dev0' (and everything under it)
* Building wheel from sdist
* Getting build dependencies for wheel...
running egg_info
writing src\cephvr.egg-info\PKG-INFO
writing dependency_links to src\cephvr.egg-info\dependency_links.txt
writing entry points to src\cephvr.egg-info\entry_points.txt
writing requirements to src\cephvr.egg-info\requires.txt
writing top-level names to src\cephvr.egg-info\top_level.txt
reading manifest file 'src\cephvr.egg-info\SOURCES.txt'
reading manifest template 'MANIFEST.in'
warning: no previously-included files matching '*_pb2.py' found anywhere in distribution
warning: no previously-included files matching '*_pb2.pyi' found anywhere in distribution
warning: no previously-included files matching '*_pb2_grpc.py' found anywhere in distribution
writing manifest file 'src\cephvr.egg-info\SOURCES.txt'
* Building wheel...
Generated 19 Protobuf sources into C:\Dev\projects\reiter-cephalopod-vr\reiter-cephalopod-vr-2.0-software\.repair-tmp\build-via-sdist-3a1rq7ye\cephvr-2.0.0.dev0\src.
running bdist_wheel
running build
running build_py
creating build\lib.win-amd64-cpython-311\cephvr
copying src\cephvr\__init__.py -> build\lib.win-amd64-cpython-311\cephvr
creating build\lib.win-amd64-cpython-311\cephvr\acquisition
copying src\cephvr\acquisition\configuration.py -> build\lib.win-amd64-cpython-311\cephvr\acquisition
copying src\cephvr\acquisition\executables.py -> build\lib.win-amd64-cpython-311\cephvr\acquisition
copying src\cephvr\acquisition\identity.py -> build\lib.win-amd64-cpython-311\cephvr\acquisition
copying src\cephvr\acquisition\main.py -> build\lib.win-amd64-cpython-311\cephvr\acquisition
copying src\cephvr\acquisition\ports.py -> build\lib.win-amd64-cpython-311\cephvr\acquisition
copying src\cephvr\acquisition\recording_schema.py -> build\lib.win-amd64-cpython-311\cephvr\acquisition
copying src\cephvr\acquisition\runtime.py -> build\lib.win-amd64-cpython-311\cephvr\acquisition
copying src\cephvr\acquisition\startup.py -> build\lib.win-amd64-cpython-311\cephvr\acquisition
copying src\cephvr\acquisition\state.py -> build\lib.win-amd64-cpython-311\cephvr\acquisition
copying src\cephvr\acquisition\worker_launcher.py -> build\lib.win-amd64-cpython-311\cephvr\acquisition
copying src\cephvr\acquisition\__init__.py -> build\lib.win-amd64-cpython-311\cephvr\acquisition
creating build\lib.win-amd64-cpython-311\cephvr\client
copying src\cephvr\client\main.py -> build\lib.win-amd64-cpython-311\cephvr\client
copying src\cephvr\client\session.py -> build\lib.win-amd64-cpython-311\cephvr\client
copying src\cephvr\client\__init__.py -> build\lib.win-amd64-cpython-311\cephvr\client
copying src\cephvr\client\__main__.py -> build\lib.win-amd64-cpython-311\cephvr\client
creating build\lib.win-amd64-cpython-311\cephvr\control
copying src\cephvr\control\__init__.py -> build\lib.win-amd64-cpython-311\cephvr\control
creating build\lib.win-amd64-cpython-311\cephvr\controller
copying src\cephvr\controller\assembly.py -> build\lib.win-amd64-cpython-311\cephvr\controller
copying src\cephvr\controller\authority.py -> build\lib.win-amd64-cpython-311\cephvr\controller
copying src\cephvr\controller\backend.py -> build\lib.win-amd64-cpython-311\cephvr\controller
copying src\cephvr\controller\configuration.py -> build\lib.win-amd64-cpython-311\cephvr\controller
copying src\cephvr\controller\configuration_files.py -> build\lib.win-amd64-cpython-311\cephvr\controller
copying src\cephvr\controller\evidence.py -> build\lib.win-amd64-cpython-311\cephvr\controller
copying src\cephvr\controller\lifecycle_completion.py -> build\lib.win-amd64-cpython-311\cephvr\controller
copying src\cephvr\controller\lifecycle_reports.py -> build\lib.win-amd64-cpython-311\cephvr\controller
copying src\cephvr\controller\main.py -> build\lib.win-amd64-cpython-311\cephvr\controller
copying src\cephvr\controller\planning.py -> build\lib.win-amd64-cpython-311\cephvr\controller
copying src\cephvr\controller\ports.py -> build\lib.win-amd64-cpython-311\cephvr\controller
copying src\cephvr\controller\preparation.py -> build\lib.win-amd64-cpython-311\cephvr\controller
copying src\cephvr\controller\projections.py -> build\lib.win-amd64-cpython-311\cephvr\controller
copying src\cephvr\controller\receipts.py -> build\lib.win-amd64-cpython-311\cephvr\controller
copying src\cephvr\controller\recovery.py -> build\lib.win-amd64-cpython-311\cephvr\controller
copying src\cephvr\controller\recovery_inspection.py -> build\lib.win-amd64-cpython-311\cephvr\controller
copying src\cephvr\controller\resolution.py -> build\lib.win-amd64-cpython-311\cephvr\controller
copying src\cephvr\controller\runtime.py -> build\lib.win-amd64-cpython-311\cephvr\controller
copying src\cephvr\controller\service.py -> build\lib.win-amd64-cpython-311\cephvr\controller
copying src\cephvr\controller\state.py -> build\lib.win-amd64-cpython-311\cephvr\controller
copying src\cephvr\controller\supervision.py -> build\lib.win-amd64-cpython-311\cephvr\controller
copying src\cephvr\controller\__init__.py -> build\lib.win-amd64-cpython-311\cephvr\controller
creating build\lib.win-amd64-cpython-311\cephvr\launcher
copying src\cephvr\launcher\decisions.py -> build\lib.win-amd64-cpython-311\cephvr\launcher
copying src\cephvr\launcher\main.py -> build\lib.win-amd64-cpython-311\cephvr\launcher
copying src\cephvr\launcher\__init__.py -> build\lib.win-amd64-cpython-311\cephvr\launcher
creating build\lib.win-amd64-cpython-311\cephvr\platform
copying src\cephvr\platform\__init__.py -> build\lib.win-amd64-cpython-311\cephvr\platform
creating build\lib.win-amd64-cpython-311\cephvr\shared
copying src\cephvr\shared\admission.py -> build\lib.win-amd64-cpython-311\cephvr\shared
copying src\cephvr\shared\auth.py -> build\lib.win-amd64-cpython-311\cephvr\shared
copying src\cephvr\shared\backend_bootstrap.py -> build\lib.win-amd64-cpython-311\cephvr\shared
copying src\cephvr\shared\cleanup_outputs.py -> build\lib.win-amd64-cpython-311\cephvr\shared
copying src\cephvr\shared\clock.py -> build\lib.win-amd64-cpython-311\cephvr\shared
copying src\cephvr\shared\commands.py -> build\lib.win-amd64-cpython-311\cephvr\shared
copying src\cephvr\shared\config.py -> build\lib.win-amd64-cpython-311\cephvr\shared
copying src\cephvr\shared\credentials.py -> build\lib.win-amd64-cpython-311\cephvr\shared
copying src\cephvr\shared\deadlines.py -> build\lib.win-amd64-cpython-311\cephvr\shared
copying src\cephvr\shared\emergency.py -> build\lib.win-amd64-cpython-311\cephvr\shared
copying src\cephvr\shared\encoder_errors.py -> build\lib.win-amd64-cpython-311\cephvr\shared
copying src\cephvr\shared\encoder_io.py -> build\lib.win-amd64-cpython-311\cephvr\shared
copying src\cephvr\shared\encoder_probe.py -> build\lib.win-amd64-cpython-311\cephvr\shared
copying src\cephvr\shared\ffmpeg_arguments.py -> build\lib.win-amd64-cpython-311\cephvr\shared
copying src\cephvr\shared\ffmpeg_capabilities.py -> build\lib.win-amd64-cpython-311\cephvr\shared
copying src\cephvr\shared\ffmpeg_encoding_rules.py -> build\lib.win-amd64-cpython-311\cephvr\shared
copying src\cephvr\shared\ffmpeg_filters.py -> build\lib.win-amd64-cpython-311\cephvr\shared
copying src\cephvr\shared\ffmpeg_filter_expressions.py -> build\lib.win-amd64-cpython-311\cephvr\shared
copying src\cephvr\shared\ffmpeg_filter_syntax.py -> build\lib.win-amd64-cpython-311\cephvr\shared
copying src\cephvr\shared\ffmpeg_pixel_formats.py -> build\lib.win-amd64-cpython-311\cephvr\shared
copying src\cephvr\shared\ffmpeg_types.py -> build\lib.win-amd64-cpython-311\cephvr\shared
copying src\cephvr\shared\ffmpeg_validation.py -> build\lib.win-amd64-cpython-311\cephvr\shared
copying src\cephvr\shared\identity.py -> build\lib.win-amd64-cpython-311\cephvr\shared
copying src\cephvr\shared\incidents.py -> build\lib.win-amd64-cpython-311\cephvr\shared
copying src\cephvr\shared\ingress.py -> build\lib.win-amd64-cpython-311\cephvr\shared
copying src\cephvr\shared\recovery.py -> build\lib.win-amd64-cpython-311\cephvr\shared
copying src\cephvr\shared\resources.py -> build\lib.win-amd64-cpython-311\cephvr\shared
copying src\cephvr\shared\supervised_encoder.py -> build\lib.win-amd64-cpython-311\cephvr\shared
copying src\cephvr\shared\transport_deadlines.py -> build\lib.win-amd64-cpython-311\cephvr\shared
copying src\cephvr\shared\__init__.py -> build\lib.win-amd64-cpython-311\cephvr\shared
creating build\lib.win-amd64-cpython-311\cephvr\supervisor
copying src\cephvr\supervisor\acquisition_worker.py -> build\lib.win-amd64-cpython-311\cephvr\supervisor
copying src\cephvr\supervisor\health.py -> build\lib.win-amd64-cpython-311\cephvr\supervisor
copying src\cephvr\supervisor\main.py -> build\lib.win-amd64-cpython-311\cephvr\supervisor
copying src\cephvr\supervisor\outbound.py -> build\lib.win-amd64-cpython-311\cephvr\supervisor
copying src\cephvr\supervisor\ports.py -> build\lib.win-amd64-cpython-311\cephvr\supervisor
copying src\cephvr\supervisor\process_exit.py -> build\lib.win-amd64-cpython-311\cephvr\supervisor
copying src\cephvr\supervisor\receipts.py -> build\lib.win-amd64-cpython-311\cephvr\supervisor
copying src\cephvr\supervisor\recovery.py -> build\lib.win-amd64-cpython-311\cephvr\supervisor
copying src\cephvr\supervisor\registration.py -> build\lib.win-amd64-cpython-311\cephvr\supervisor
copying src\cephvr\supervisor\registry.py -> build\lib.win-amd64-cpython-311\cephvr\supervisor
copying src\cephvr\supervisor\runtime.py -> build\lib.win-amd64-cpython-311\cephvr\supervisor
copying src\cephvr\supervisor\service.py -> build\lib.win-amd64-cpython-311\cephvr\supervisor
copying src\cephvr\supervisor\shutdown.py -> build\lib.win-amd64-cpython-311\cephvr\supervisor
copying src\cephvr\supervisor\startup.py -> build\lib.win-amd64-cpython-311\cephvr\supervisor
copying src\cephvr\supervisor\state.py -> build\lib.win-amd64-cpython-311\cephvr\supervisor
copying src\cephvr\supervisor\status.py -> build\lib.win-amd64-cpython-311\cephvr\supervisor
copying src\cephvr\supervisor\visual_stimulus_worker.py -> build\lib.win-amd64-cpython-311\cephvr\supervisor
copying src\cephvr\supervisor\worker_context.py -> build\lib.win-amd64-cpython-311\cephvr\supervisor
copying src\cephvr\supervisor\worker_outbound.py -> build\lib.win-amd64-cpython-311\cephvr\supervisor
copying src\cephvr\supervisor\__init__.py -> build\lib.win-amd64-cpython-311\cephvr\supervisor
creating build\lib.win-amd64-cpython-311\cephvr\synchronization
copying src\cephvr\synchronization\__init__.py -> build\lib.win-amd64-cpython-311\cephvr\synchronization
creating build\lib.win-amd64-cpython-311\cephvr\tracking
copying src\cephvr\tracking\configuration.py -> build\lib.win-amd64-cpython-311\cephvr\tracking
copying src\cephvr\tracking\main.py -> build\lib.win-amd64-cpython-311\cephvr\tracking
copying src\cephvr\tracking\recording_schema.py -> build\lib.win-amd64-cpython-311\cephvr\tracking
copying src\cephvr\tracking\runtime.py -> build\lib.win-amd64-cpython-311\cephvr\tracking
copying src\cephvr\tracking\types.py -> build\lib.win-amd64-cpython-311\cephvr\tracking
copying src\cephvr\tracking\__init__.py -> build\lib.win-amd64-cpython-311\cephvr\tracking
creating build\lib.win-amd64-cpython-311\cephvr\visual_stimulus
copying src\cephvr\visual_stimulus\configuration.py -> build\lib.win-amd64-cpython-311\cephvr\visual_stimulus
copying src\cephvr\visual_stimulus\identity.py -> build\lib.win-amd64-cpython-311\cephvr\visual_stimulus
copying src\cephvr\visual_stimulus\main.py -> build\lib.win-amd64-cpython-311\cephvr\visual_stimulus
copying src\cephvr\visual_stimulus\recording_schema.py -> build\lib.win-amd64-cpython-311\cephvr\visual_stimulus
copying src\cephvr\visual_stimulus\runtime.py -> build\lib.win-amd64-cpython-311\cephvr\visual_stimulus
copying src\cephvr\visual_stimulus\worker_launcher.py -> build\lib.win-amd64-cpython-311\cephvr\visual_stimulus
copying src\cephvr\visual_stimulus\__init__.py -> build\lib.win-amd64-cpython-311\cephvr\visual_stimulus
creating build\lib.win-amd64-cpython-311\cephvr\acquisition\buffers
copying src\cephvr\acquisition\buffers\end_marker.py -> build\lib.win-amd64-cpython-311\cephvr\acquisition\buffers
copying src\cephvr\acquisition\buffers\layout.py -> build\lib.win-amd64-cpython-311\cephvr\acquisition\buffers
copying src\cephvr\acquisition\buffers\pixel_pool.py -> build\lib.win-amd64-cpython-311\cephvr\acquisition\buffers
copying src\cephvr\acquisition\buffers\queue.py -> build\lib.win-amd64-cpython-311\cephvr\acquisition\buffers
copying src\cephvr\acquisition\buffers\records.py -> build\lib.win-amd64-cpython-311\cephvr\acquisition\buffers
copying src\cephvr\acquisition\buffers\resource_port.py -> build\lib.win-amd64-cpython-311\cephvr\acquisition\buffers
copying src\cephvr\acquisition\buffers\ring.py -> build\lib.win-amd64-cpython-311\cephvr\acquisition\buffers
copying src\cephvr\acquisition\buffers\ring_attachment.py -> build\lib.win-amd64-cpython-311\cephvr\acquisition\buffers
copying src\cephvr\acquisition\buffers\__init__.py -> build\lib.win-amd64-cpython-311\cephvr\acquisition\buffers
creating build\lib.win-amd64-cpython-311\cephvr\acquisition\camera
copying src\cephvr\acquisition\camera\basler.py -> build\lib.win-amd64-cpython-311\cephvr\acquisition\camera
copying src\cephvr\acquisition\camera\errors.py -> build\lib.win-amd64-cpython-311\cephvr\acquisition\camera
copying src\cephvr\acquisition\camera\features.py -> build\lib.win-amd64-cpython-311\cephvr\acquisition\camera
copying src\cephvr\acquisition\camera\grab.py -> build\lib.win-amd64-cpython-311\cephvr\acquisition\camera
copying src\cephvr\acquisition\camera\metadata.py -> build\lib.win-amd64-cpython-311\cephvr\acquisition\camera
copying src\cephvr\acquisition\camera\native_formats.py -> build\lib.win-amd64-cpython-311\cephvr\acquisition\camera
copying src\cephvr\acquisition\camera\records.py -> build\lib.win-amd64-cpython-311\cephvr\acquisition\camera
copying src\cephvr\acquisition\camera\roi.py -> build\lib.win-amd64-cpython-311\cephvr\acquisition\camera
copying src\cephvr\acquisition\camera\settings.py -> build\lib.win-amd64-cpython-311\cephvr\acquisition\camera
copying src\cephvr\acquisition\camera\transport.py -> build\lib.win-amd64-cpython-311\cephvr\acquisition\camera
copying src\cephvr\acquisition\camera\types.py -> build\lib.win-amd64-cpython-311\cephvr\acquisition\camera
copying src\cephvr\acquisition\camera\wait.py -> build\lib.win-amd64-cpython-311\cephvr\acquisition\camera
copying src\cephvr\acquisition\camera\__init__.py -> build\lib.win-amd64-cpython-311\cephvr\acquisition\camera
creating build\lib.win-amd64-cpython-311\cephvr\acquisition\config
copying src\cephvr\acquisition\config\defaults.py -> build\lib.win-amd64-cpython-311\cephvr\acquisition\config
copying src\cephvr\acquisition\config\file_policies.py -> build\lib.win-amd64-cpython-311\cephvr\acquisition\config
copying src\cephvr\acquisition\config\policy.py -> build\lib.win-amd64-cpython-311\cephvr\acquisition\config
copying src\cephvr\acquisition\config\validation.py -> build\lib.win-amd64-cpython-311\cephvr\acquisition\config
copying src\cephvr\acquisition\config\validation_buffers.py -> build\lib.win-amd64-cpython-311\cephvr\acquisition\config
copying src\cephvr\acquisition\config\validation_camera.py -> build\lib.win-amd64-cpython-311\cephvr\acquisition\config
copying src\cephvr\acquisition\config\validation_pulse.py -> build\lib.win-amd64-cpython-311\cephvr\acquisition\config
copying src\cephvr\acquisition\config\validation_values.py -> build\lib.win-amd64-cpython-311\cephvr\acquisition\config
copying src\cephvr\acquisition\config\values.py -> build\lib.win-amd64-cpython-311\cephvr\acquisition\config
copying src\cephvr\acquisition\config\__init__.py -> build\lib.win-amd64-cpython-311\cephvr\acquisition\config
creating build\lib.win-amd64-cpython-311\cephvr\acquisition\coordinator
copying src\cephvr\acquisition\coordinator\authority_failure.py -> build\lib.win-amd64-cpython-311\cephvr\acquisition\coordinator
copying src\cephvr\acquisition\coordinator\cleanup.py -> build\lib.win-amd64-cpython-311\cephvr\acquisition\coordinator
copying src\cephvr\acquisition\coordinator\cleanup_report.py -> build\lib.win-amd64-cpython-311\cephvr\acquisition\coordinator
copying src\cephvr\acquisition\coordinator\commands.py -> build\lib.win-amd64-cpython-311\cephvr\acquisition\coordinator
copying src\cephvr\acquisition\coordinator\configuration_resolution.py -> build\lib.win-amd64-cpython-311\cephvr\acquisition\coordinator
copying src\cephvr\acquisition\coordinator\evidence.py -> build\lib.win-amd64-cpython-311\cephvr\acquisition\coordinator
copying src\cephvr\acquisition\coordinator\evidence_cleanup.py -> build\lib.win-amd64-cpython-311\cephvr\acquisition\coordinator
copying src\cephvr\acquisition\coordinator\evidence_helpers.py -> build\lib.win-amd64-cpython-311\cephvr\acquisition\coordinator
copying src\cephvr\acquisition\coordinator\evidence_lifecycle.py -> build\lib.win-amd64-cpython-311\cephvr\acquisition\coordinator
copying src\cephvr\acquisition\coordinator\evidence_operations.py -> build\lib.win-amd64-cpython-311\cephvr\acquisition\coordinator
copying src\cephvr\acquisition\coordinator\evidence_ready.py -> build\lib.win-amd64-cpython-311\cephvr\acquisition\coordinator
copying src\cephvr\acquisition\coordinator\evidence_telemetry.py -> build\lib.win-amd64-cpython-311\cephvr\acquisition\coordinator
copying src\cephvr\acquisition\coordinator\health.py -> build\lib.win-amd64-cpython-311\cephvr\acquisition\coordinator
copying src\cephvr\acquisition\coordinator\incidents.py -> build\lib.win-amd64-cpython-311\cephvr\acquisition\coordinator
copying src\cephvr\acquisition\coordinator\manual_devices.py -> build\lib.win-amd64-cpython-311\cephvr\acquisition\coordinator
copying src\cephvr\acquisition\coordinator\manual_device_commands.py -> build\lib.win-amd64-cpython-311\cephvr\acquisition\coordinator
copying src\cephvr\acquisition\coordinator\manual_device_status.py -> build\lib.win-amd64-cpython-311\cephvr\acquisition\coordinator
copying src\cephvr\acquisition\coordinator\manual_operation_results.py -> build\lib.win-amd64-cpython-311\cephvr\acquisition\coordinator
copying src\cephvr\acquisition\coordinator\manual_preview.py -> build\lib.win-amd64-cpython-311\cephvr\acquisition\coordinator
copying src\cephvr\acquisition\coordinator\manual_preview_pulse.py -> build\lib.win-amd64-cpython-311\cephvr\acquisition\coordinator
copying src\cephvr\acquisition\coordinator\manual_preview_resources.py -> build\lib.win-amd64-cpython-311\cephvr\acquisition\coordinator
copying src\cephvr\acquisition\coordinator\manual_preview_setup.py -> build\lib.win-amd64-cpython-311\cephvr\acquisition\coordinator
copying src\cephvr\acquisition\coordinator\manual_preview_start.py -> build\lib.win-amd64-cpython-311\cephvr\acquisition\coordinator
copying src\cephvr\acquisition\coordinator\manual_preview_transfer.py -> build\lib.win-amd64-cpython-311\cephvr\acquisition\coordinator
copying src\cephvr\acquisition\coordinator\manual_pulses.py -> build\lib.win-amd64-cpython-311\cephvr\acquisition\coordinator
copying src\cephvr\acquisition\coordinator\manual_pulse_observation.py -> build\lib.win-amd64-cpython-311\cephvr\acquisition\coordinator
copying src\cephvr\acquisition\coordinator\manual_session_access.py -> build\lib.win-amd64-cpython-311\cephvr\acquisition\coordinator
copying src\cephvr\acquisition\coordinator\operations.py -> build\lib.win-amd64-cpython-311\cephvr\acquisition\coordinator
copying src\cephvr\acquisition\coordinator\prepared_functions.py -> build\lib.win-amd64-cpython-311\cephvr\acquisition\coordinator
copying src\cephvr\acquisition\coordinator\queries.py -> build\lib.win-amd64-cpython-311\cephvr\acquisition\coordinator
copying src\cephvr\acquisition\coordinator\recording_payload.py -> build\lib.win-amd64-cpython-311\cephvr\acquisition\coordinator
copying src\cephvr\acquisition\coordinator\session.py -> build\lib.win-amd64-cpython-311\cephvr\acquisition\coordinator
copying src\cephvr\acquisition\coordinator\sessionless_cleanup.py -> build\lib.win-amd64-cpython-311\cephvr\acquisition\coordinator
copying src\cephvr\acquisition\coordinator\session_catalogue.py -> build\lib.win-amd64-cpython-311\cephvr\acquisition\coordinator
copying src\cephvr\acquisition\coordinator\session_payloads.py -> build\lib.win-amd64-cpython-311\cephvr\acquisition\coordinator
copying src\cephvr\acquisition\coordinator\session_preparation.py -> build\lib.win-amd64-cpython-311\cephvr\acquisition\coordinator
copying src\cephvr\acquisition\coordinator\session_resources.py -> build\lib.win-amd64-cpython-311\cephvr\acquisition\coordinator
copying src\cephvr\acquisition\coordinator\session_tracking.py -> build\lib.win-amd64-cpython-311\cephvr\acquisition\coordinator
copying src\cephvr\acquisition\coordinator\session_validation.py -> build\lib.win-amd64-cpython-311\cephvr\acquisition\coordinator
copying src\cephvr\acquisition\coordinator\shutdown.py -> build\lib.win-amd64-cpython-311\cephvr\acquisition\coordinator
copying src\cephvr\acquisition\coordinator\trials.py -> build\lib.win-amd64-cpython-311\cephvr\acquisition\coordinator
copying src\cephvr\acquisition\coordinator\trial_delivery.py -> build\lib.win-amd64-cpython-311\cephvr\acquisition\coordinator
copying src\cephvr\acquisition\coordinator\trial_helpers.py -> build\lib.win-amd64-cpython-311\cephvr\acquisition\coordinator
copying src\cephvr\acquisition\coordinator\trial_lifecycle.py -> build\lib.win-amd64-cpython-311\cephvr\acquisition\coordinator
copying src\cephvr\acquisition\coordinator\trial_preparation.py -> build\lib.win-amd64-cpython-311\cephvr\acquisition\coordinator
copying src\cephvr\acquisition\coordinator\trial_pulses.py -> build\lib.win-amd64-cpython-311\cephvr\acquisition\coordinator
copying src\cephvr\acquisition\coordinator\trial_schedule_release.py -> build\lib.win-amd64-cpython-311\cephvr\acquisition\coordinator
copying src\cephvr\acquisition\coordinator\trial_termination.py -> build\lib.win-amd64-cpython-311\cephvr\acquisition\coordinator
copying src\cephvr\acquisition\coordinator\trial_validation.py -> build\lib.win-amd64-cpython-311\cephvr\acquisition\coordinator
copying src\cephvr\acquisition\coordinator\workers.py -> build\lib.win-amd64-cpython-311\cephvr\acquisition\coordinator
copying src\cephvr\acquisition\coordinator\__init__.py -> build\lib.win-amd64-cpython-311\cephvr\acquisition\coordinator
creating build\lib.win-amd64-cpython-311\cephvr\acquisition\microcontroller
copying src\cephvr\acquisition\microcontroller\bridge.py -> build\lib.win-amd64-cpython-311\cephvr\acquisition\microcontroller
copying src\cephvr\acquisition\microcontroller\channel.py -> build\lib.win-amd64-cpython-311\cephvr\acquisition\microcontroller
copying src\cephvr\acquisition\microcontroller\lazy_owner.py -> build\lib.win-amd64-cpython-311\cephvr\acquisition\microcontroller
copying src\cephvr\acquisition\microcontroller\owner.py -> build\lib.win-amd64-cpython-311\cephvr\acquisition\microcontroller
copying src\cephvr\acquisition\microcontroller\protocol.py -> build\lib.win-amd64-cpython-311\cephvr\acquisition\microcontroller
copying src\cephvr\acquisition\microcontroller\pulses.py -> build\lib.win-amd64-cpython-311\cephvr\acquisition\microcontroller
copying src\cephvr\acquisition\microcontroller\serial_port.py -> build\lib.win-amd64-cpython-311\cephvr\acquisition\microcontroller
copying src\cephvr\acquisition\microcontroller\__init__.py -> build\lib.win-amd64-cpython-311\cephvr\acquisition\microcontroller
creating build\lib.win-amd64-cpython-311\cephvr\acquisition\recording
copying src\cephvr\acquisition\recording\capabilities.py -> build\lib.win-amd64-cpython-311\cephvr\acquisition\recording
copying src\cephvr\acquisition\recording\encoder.py -> build\lib.win-amd64-cpython-311\cephvr\acquisition\recording
copying src\cephvr\acquisition\recording\encoder_errors.py -> build\lib.win-amd64-cpython-311\cephvr\acquisition\recording
copying src\cephvr\acquisition\recording\encoder_probe.py -> build\lib.win-amd64-cpython-311\cephvr\acquisition\recording
copying src\cephvr\acquisition\recording\encoder_process.py -> build\lib.win-amd64-cpython-311\cephvr\acquisition\recording
copying src\cephvr\acquisition\recording\encoding.py -> build\lib.win-amd64-cpython-311\cephvr\acquisition\recording
copying src\cephvr\acquisition\recording\encoding_rules.py -> build\lib.win-amd64-cpython-311\cephvr\acquisition\recording
copying src\cephvr\acquisition\recording\encoding_types.py -> build\lib.win-amd64-cpython-311\cephvr\acquisition\recording
copying src\cephvr\acquisition\recording\encoding_validation.py -> build\lib.win-amd64-cpython-311\cephvr\acquisition\recording
copying src\cephvr\acquisition\recording\filters.py -> build\lib.win-amd64-cpython-311\cephvr\acquisition\recording
copying src\cephvr\acquisition\recording\filter_expressions.py -> build\lib.win-amd64-cpython-311\cephvr\acquisition\recording
copying src\cephvr\acquisition\recording\filter_syntax.py -> build\lib.win-amd64-cpython-311\cephvr\acquisition\recording
copying src\cephvr\acquisition\recording\frame_log.py -> build\lib.win-amd64-cpython-311\cephvr\acquisition\recording
copying src\cephvr\acquisition\recording\identity.py -> build\lib.win-amd64-cpython-311\cephvr\acquisition\recording
copying src\cephvr\acquisition\recording\negotiation.py -> build\lib.win-amd64-cpython-311\cephvr\acquisition\recording
copying src\cephvr\acquisition\recording\paths.py -> build\lib.win-amd64-cpython-311\cephvr\acquisition\recording
copying src\cephvr\acquisition\recording\pixel_formats.py -> build\lib.win-amd64-cpython-311\cephvr\acquisition\recording
copying src\cephvr\acquisition\recording\progress_watchdog.py -> build\lib.win-amd64-cpython-311\cephvr\acquisition\recording
copying src\cephvr\acquisition\recording\session.py -> build\lib.win-amd64-cpython-311\cephvr\acquisition\recording
copying src\cephvr\acquisition\recording\session_cleanup.py -> build\lib.win-amd64-cpython-311\cephvr\acquisition\recording
copying src\cephvr\acquisition\recording\session_completion.py -> build\lib.win-amd64-cpython-311\cephvr\acquisition\recording
copying src\cephvr\acquisition\recording\session_contracts.py -> build\lib.win-amd64-cpython-311\cephvr\acquisition\recording
copying src\cephvr\acquisition\recording\session_diagnostics.py -> build\lib.win-amd64-cpython-311\cephvr\acquisition\recording
copying src\cephvr\acquisition\recording\session_finalizer.py -> build\lib.win-amd64-cpython-311\cephvr\acquisition\recording
copying src\cephvr\acquisition\recording\session_outputs.py -> build\lib.win-amd64-cpython-311\cephvr\acquisition\recording
copying src\cephvr\acquisition\recording\session_prepare.py -> build\lib.win-amd64-cpython-311\cephvr\acquisition\recording
copying src\cephvr\acquisition\recording\session_pump.py -> build\lib.win-amd64-cpython-311\cephvr\acquisition\recording
copying src\cephvr\acquisition\recording\session_schedule.py -> build\lib.win-amd64-cpython-311\cephvr\acquisition\recording
copying src\cephvr\acquisition\recording\session_storage.py -> build\lib.win-amd64-cpython-311\cephvr\acquisition\recording
copying src\cephvr\acquisition\recording\__init__.py -> build\lib.win-amd64-cpython-311\cephvr\acquisition\recording
creating build\lib.win-amd64-cpython-311\cephvr\acquisition\transport
copying src\cephvr\acquisition\transport\admission.py -> build\lib.win-amd64-cpython-311\cephvr\acquisition\transport
copying src\cephvr\acquisition\transport\grpc_ports.py -> build\lib.win-amd64-cpython-311\cephvr\acquisition\transport
copying src\cephvr\acquisition\transport\server.py -> build\lib.win-amd64-cpython-311\cephvr\acquisition\transport
copying src\cephvr\acquisition\transport\services.py -> build\lib.win-amd64-cpython-311\cephvr\acquisition\transport
copying src\cephvr\acquisition\transport\__init__.py -> build\lib.win-amd64-cpython-311\cephvr\acquisition\transport
creating build\lib.win-amd64-cpython-311\cephvr\acquisition\v1
copying src\cephvr\acquisition\v1\camera_pb2.py -> build\lib.win-amd64-cpython-311\cephvr\acquisition\v1
copying src\cephvr\acquisition\v1\camera_pb2_grpc.py -> build\lib.win-amd64-cpython-311\cephvr\acquisition\v1
copying src\cephvr\acquisition\v1\messages_pb2.py -> build\lib.win-amd64-cpython-311\cephvr\acquisition\v1
copying src\cephvr\acquisition\v1\messages_pb2_grpc.py -> build\lib.win-amd64-cpython-311\cephvr\acquisition\v1
copying src\cephvr\acquisition\v1\microcontroller_pb2.py -> build\lib.win-amd64-cpython-311\cephvr\acquisition\v1
copying src\cephvr\acquisition\v1\microcontroller_pb2_grpc.py -> build\lib.win-amd64-cpython-311\cephvr\acquisition\v1
copying src\cephvr\acquisition\v1\runtime_pb2.py -> build\lib.win-amd64-cpython-311\cephvr\acquisition\v1
copying src\cephvr\acquisition\v1\runtime_pb2_grpc.py -> build\lib.win-amd64-cpython-311\cephvr\acquisition\v1
copying src\cephvr\acquisition\v1\services_pb2.py -> build\lib.win-amd64-cpython-311\cephvr\acquisition\v1
copying src\cephvr\acquisition\v1\services_pb2_grpc.py -> build\lib.win-amd64-cpython-311\cephvr\acquisition\v1
copying src\cephvr\acquisition\v1\__init__.py -> build\lib.win-amd64-cpython-311\cephvr\acquisition\v1
creating build\lib.win-amd64-cpython-311\cephvr\acquisition\worker
copying src\cephvr\acquisition\worker\bootstrap.py -> build\lib.win-amd64-cpython-311\cephvr\acquisition\worker
copying src\cephvr\acquisition\worker\camera_configuration.py -> build\lib.win-amd64-cpython-311\cephvr\acquisition\worker
copying src\cephvr\acquisition\worker\camera_resolution.py -> build\lib.win-amd64-cpython-311\cephvr\acquisition\worker
copying src\cephvr\acquisition\worker\capture.py -> build\lib.win-amd64-cpython-311\cephvr\acquisition\worker
copying src\cephvr\acquisition\worker\capture_runtime.py -> build\lib.win-amd64-cpython-311\cephvr\acquisition\worker
copying src\cephvr\acquisition\worker\cleanup_lifecycle.py -> build\lib.win-amd64-cpython-311\cephvr\acquisition\worker
copying src\cephvr\acquisition\worker\execution.py -> build\lib.win-amd64-cpython-311\cephvr\acquisition\worker
copying src\cephvr\acquisition\worker\frame_diagnostics.py -> build\lib.win-amd64-cpython-311\cephvr\acquisition\worker
copying src\cephvr\acquisition\worker\function_scopes.py -> build\lib.win-amd64-cpython-311\cephvr\acquisition\worker
copying src\cephvr\acquisition\worker\health.py -> build\lib.win-amd64-cpython-311\cephvr\acquisition\worker
copying src\cephvr\acquisition\worker\limits.py -> build\lib.win-amd64-cpython-311\cephvr\acquisition\worker
copying src\cephvr\acquisition\worker\main.py -> build\lib.win-amd64-cpython-311\cephvr\acquisition\worker
copying src\cephvr\acquisition\worker\owner.py -> build\lib.win-amd64-cpython-311\cephvr\acquisition\worker
copying src\cephvr\acquisition\worker\ports.py -> build\lib.win-amd64-cpython-311\cephvr\acquisition\worker
copying src\cephvr\acquisition\worker\preview_lifecycle.py -> build\lib.win-amd64-cpython-311\cephvr\acquisition\worker
copying src\cephvr\acquisition\worker\pulse_evidence.py -> build\lib.win-amd64-cpython-311\cephvr\acquisition\worker
copying src\cephvr\acquisition\worker\recording_fault.py -> build\lib.win-amd64-cpython-311\cephvr\acquisition\worker
copying src\cephvr\acquisition\worker\recording_handoff.py -> build\lib.win-amd64-cpython-311\cephvr\acquisition\worker
copying src\cephvr\acquisition\worker\recording_ports.py -> build\lib.win-amd64-cpython-311\cephvr\acquisition\worker
copying src\cephvr\acquisition\worker\recording_preparation.py -> build\lib.win-amd64-cpython-311\cephvr\acquisition\worker
copying src\cephvr\acquisition\worker\recording_runtime.py -> build\lib.win-amd64-cpython-311\cephvr\acquisition\worker
copying src\cephvr\acquisition\worker\recording_thread.py -> build\lib.win-amd64-cpython-311\cephvr\acquisition\worker
copying src\cephvr\acquisition\worker\registration.py -> build\lib.win-amd64-cpython-311\cephvr\acquisition\worker
copying src\cephvr\acquisition\worker\reports.py -> build\lib.win-amd64-cpython-311\cephvr\acquisition\worker
copying src\cephvr\acquisition\worker\report_dispatch.py -> build\lib.win-amd64-cpython-311\cephvr\acquisition\worker
copying src\cephvr\acquisition\worker\server.py -> build\lib.win-amd64-cpython-311\cephvr\acquisition\worker
copying src\cephvr\acquisition\worker\service.py -> build\lib.win-amd64-cpython-311\cephvr\acquisition\worker
copying src\cephvr\acquisition\worker\state.py -> build\lib.win-amd64-cpython-311\cephvr\acquisition\worker
copying src\cephvr\acquisition\worker\terminal_scope.py -> build\lib.win-amd64-cpython-311\cephvr\acquisition\worker
copying src\cephvr\acquisition\worker\transport_summary.py -> build\lib.win-amd64-cpython-311\cephvr\acquisition\worker
copying src\cephvr\acquisition\worker\trial_activity.py -> build\lib.win-amd64-cpython-311\cephvr\acquisition\worker
copying src\cephvr\acquisition\worker\trial_lifecycle.py -> build\lib.win-amd64-cpython-311\cephvr\acquisition\worker
copying src\cephvr\acquisition\worker\trial_recording_terminal.py -> build\lib.win-amd64-cpython-311\cephvr\acquisition\worker
copying src\cephvr\acquisition\worker\trial_state.py -> build\lib.win-amd64-cpython-311\cephvr\acquisition\worker
copying src\cephvr\acquisition\worker\trial_stop.py -> build\lib.win-amd64-cpython-311\cephvr\acquisition\worker
copying src\cephvr\acquisition\worker\warnings.py -> build\lib.win-amd64-cpython-311\cephvr\acquisition\worker
copying src\cephvr\acquisition\worker\__init__.py -> build\lib.win-amd64-cpython-311\cephvr\acquisition\worker
creating build\lib.win-amd64-cpython-311\cephvr\acquisition\coordinator\state
copying src\cephvr\acquisition\coordinator\state\aggregate.py -> build\lib.win-amd64-cpython-311\cephvr\acquisition\coordinator\state
copying src\cephvr\acquisition\coordinator\state\base.py -> build\lib.win-amd64-cpython-311\cephvr\acquisition\coordinator\state
copying src\cephvr\acquisition\coordinator\state\sessions.py -> build\lib.win-amd64-cpython-311\cephvr\acquisition\coordinator\state
copying src\cephvr\acquisition\coordinator\state\workers.py -> build\lib.win-amd64-cpython-311\cephvr\acquisition\coordinator\state
copying src\cephvr\acquisition\coordinator\state\__init__.py -> build\lib.win-amd64-cpython-311\cephvr\acquisition\coordinator\state
creating build\lib.win-amd64-cpython-311\cephvr\control\v1
copying src\cephvr\control\v1\native_transport_pb2.py -> build\lib.win-amd64-cpython-311\cephvr\control\v1
copying src\cephvr\control\v1\native_transport_pb2_grpc.py -> build\lib.win-amd64-cpython-311\cephvr\control\v1
copying src\cephvr\control\v1\services_pb2.py -> build\lib.win-amd64-cpython-311\cephvr\control\v1
copying src\cephvr\control\v1\services_pb2_grpc.py -> build\lib.win-amd64-cpython-311\cephvr\control\v1
copying src\cephvr\control\v1\types_pb2.py -> build\lib.win-amd64-cpython-311\cephvr\control\v1
copying src\cephvr\control\v1\types_pb2_grpc.py -> build\lib.win-amd64-cpython-311\cephvr\control\v1
copying src\cephvr\control\v1\__init__.py -> build\lib.win-amd64-cpython-311\cephvr\control\v1
creating build\lib.win-amd64-cpython-311\cephvr\controller\control
copying src\cephvr\controller\control\configuration.py -> build\lib.win-amd64-cpython-311\cephvr\controller\control
copying src\cephvr\controller\control\leases.py -> build\lib.win-amd64-cpython-311\cephvr\controller\control
copying src\cephvr\controller\control\operations.py -> build\lib.win-amd64-cpython-311\cephvr\controller\control
copying src\cephvr\controller\control\prompts.py -> build\lib.win-amd64-cpython-311\cephvr\controller\control
copying src\cephvr\controller\control\snapshots.py -> build\lib.win-amd64-cpython-311\cephvr\controller\control
copying src\cephvr\controller\control\__init__.py -> build\lib.win-amd64-cpython-311\cephvr\controller\control
creating build\lib.win-amd64-cpython-311\cephvr\controller\device
copying src\cephvr\controller\device\camera.py -> build\lib.win-amd64-cpython-311\cephvr\controller\device
copying src\cephvr\controller\device\display.py -> build\lib.win-amd64-cpython-311\cephvr\controller\device
copying src\cephvr\controller\device\owner_cleanup.py -> build\lib.win-amd64-cpython-311\cephvr\controller\device
copying src\cephvr\controller\device\ports.py -> build\lib.win-amd64-cpython-311\cephvr\controller\device
copying src\cephvr\controller\device\preview.py -> build\lib.win-amd64-cpython-311\cephvr\controller\device
copying src\cephvr\controller\device\readback.py -> build\lib.win-amd64-cpython-311\cephvr\controller\device
copying src\cephvr\controller\device\release_evidence.py -> build\lib.win-amd64-cpython-311\cephvr\controller\device
copying src\cephvr\controller\device\status_retention.py -> build\lib.win-amd64-cpython-311\cephvr\controller\device
copying src\cephvr\controller\device\views.py -> build\lib.win-amd64-cpython-311\cephvr\controller\device
copying src\cephvr\controller\device\__init__.py -> build\lib.win-amd64-cpython-311\cephvr\controller\device
creating build\lib.win-amd64-cpython-311\cephvr\controller\incident
copying src\cephvr\controller\incident\coordination.py -> build\lib.win-amd64-cpython-311\cephvr\controller\incident
copying src\cephvr\controller\incident\registry.py -> build\lib.win-amd64-cpython-311\cephvr\controller\incident
copying src\cephvr\controller\incident\scope.py -> build\lib.win-amd64-cpython-311\cephvr\controller\incident
copying src\cephvr\controller\incident\__init__.py -> build\lib.win-amd64-cpython-311\cephvr\controller\incident
creating build\lib.win-amd64-cpython-311\cephvr\controller\lifecycle
copying src\cephvr\controller\lifecycle\acquisition_resolution.py -> build\lib.win-amd64-cpython-311\cephvr\controller\lifecycle
copying src\cephvr\controller\lifecycle\activity.py -> build\lib.win-amd64-cpython-311\cephvr\controller\lifecycle
copying src\cephvr\controller\lifecycle\cleanup.py -> build\lib.win-amd64-cpython-311\cephvr\controller\lifecycle
copying src\cephvr\controller\lifecycle\commands.py -> build\lib.win-amd64-cpython-311\cephvr\controller\lifecycle
copying src\cephvr\controller\lifecycle\evidence_wait.py -> build\lib.win-amd64-cpython-311\cephvr\controller\lifecycle
copying src\cephvr\controller\lifecycle\handoffs.py -> build\lib.win-amd64-cpython-311\cephvr\controller\lifecycle
copying src\cephvr\controller\lifecycle\interruption.py -> build\lib.win-amd64-cpython-311\cephvr\controller\lifecycle
copying src\cephvr\controller\lifecycle\preparation_context.py -> build\lib.win-amd64-cpython-311\cephvr\controller\lifecycle
copying src\cephvr\controller\lifecycle\setup_admission.py -> build\lib.win-amd64-cpython-311\cephvr\controller\lifecycle
copying src\cephvr\controller\lifecycle\setup_execution.py -> build\lib.win-amd64-cpython-311\cephvr\controller\lifecycle
copying src\cephvr\controller\lifecycle\setup_resolution.py -> build\lib.win-amd64-cpython-311\cephvr\controller\lifecycle
copying src\cephvr\controller\lifecycle\start.py -> build\lib.win-amd64-cpython-311\cephvr\controller\lifecycle
copying src\cephvr\controller\lifecycle\trials.py -> build\lib.win-amd64-cpython-311\cephvr\controller\lifecycle
copying src\cephvr\controller\lifecycle\__init__.py -> build\lib.win-amd64-cpython-311\cephvr\controller\lifecycle
creating build\lib.win-amd64-cpython-311\cephvr\controller\metadata
copying src\cephvr\controller\metadata\coordination.py -> build\lib.win-amd64-cpython-311\cephvr\controller\metadata
copying src\cephvr\controller\metadata\documents.py -> build\lib.win-amd64-cpython-311\cephvr\controller\metadata
copying src\cephvr\controller\metadata\files.py -> build\lib.win-amd64-cpython-311\cephvr\controller\metadata
copying src\cephvr\controller\metadata\reservation.py -> build\lib.win-amd64-cpython-311\cephvr\controller\metadata
copying src\cephvr\controller\metadata\trial_logs.py -> build\lib.win-amd64-cpython-311\cephvr\controller\metadata
copying src\cephvr\controller\metadata\types.py -> build\lib.win-amd64-cpython-311\cephvr\controller\metadata
copying src\cephvr\controller\metadata\writer.py -> build\lib.win-amd64-cpython-311\cephvr\controller\metadata
copying src\cephvr\controller\metadata\__init__.py -> build\lib.win-amd64-cpython-311\cephvr\controller\metadata
creating build\lib.win-amd64-cpython-311\cephvr\controller\startup
copying src\cephvr\controller\startup\application.py -> build\lib.win-amd64-cpython-311\cephvr\controller\startup
copying src\cephvr\controller\startup\bootstrap.py -> build\lib.win-amd64-cpython-311\cephvr\controller\startup
copying src\cephvr\controller\startup\monitor.py -> build\lib.win-amd64-cpython-311\cephvr\controller\startup
copying src\cephvr\controller\startup\providers.py -> build\lib.win-amd64-cpython-311\cephvr\controller\startup
copying src\cephvr\controller\startup\recovery.py -> build\lib.win-amd64-cpython-311\cephvr\controller\startup
copying src\cephvr\controller\startup\__init__.py -> build\lib.win-amd64-cpython-311\cephvr\controller\startup
creating build\lib.win-amd64-cpython-311\cephvr\controller\transport
copying src\cephvr\controller\transport\admission.py -> build\lib.win-amd64-cpython-311\cephvr\controller\transport
copying src\cephvr\controller\transport\auth.py -> build\lib.win-amd64-cpython-311\cephvr\controller\transport
copying src\cephvr\controller\transport\ingress.py -> build\lib.win-amd64-cpython-311\cephvr\controller\transport
copying src\cephvr\controller\transport\__init__.py -> build\lib.win-amd64-cpython-311\cephvr\controller\transport
creating build\lib.win-amd64-cpython-311\cephvr\platform\windows
copying src\cephvr\platform\windows\atomics.py -> build\lib.win-amd64-cpython-311\cephvr\platform\windows
copying src\cephvr\platform\windows\bootstrap.py -> build\lib.win-amd64-cpython-311\cephvr\platform\windows
copying src\cephvr\platform\windows\byte_stream.py -> build\lib.win-amd64-cpython-311\cephvr\platform\windows
copying src\cephvr\platform\windows\byte_stream_factory.py -> build\lib.win-amd64-cpython-311\cephvr\platform\windows
copying src\cephvr\platform\windows\byte_stream_native.py -> build\lib.win-amd64-cpython-311\cephvr\platform\windows
copying src\cephvr\platform\windows\display_identity.py -> build\lib.win-amd64-cpython-311\cephvr\platform\windows
copying src\cephvr\platform\windows\durable.py -> build\lib.win-amd64-cpython-311\cephvr\platform\windows
copying src\cephvr\platform\windows\encoder_process.py -> build\lib.win-amd64-cpython-311\cephvr\platform\windows
copying src\cephvr\platform\windows\events.py -> build\lib.win-amd64-cpython-311\cephvr\platform\windows
copying src\cephvr\platform\windows\file_sync.py -> build\lib.win-amd64-cpython-311\cephvr\platform\windows
copying src\cephvr\platform\windows\guard.py -> build\lib.win-amd64-cpython-311\cephvr\platform\windows
copying src\cephvr\platform\windows\jobs.py -> build\lib.win-amd64-cpython-311\cephvr\platform\windows
copying src\cephvr\platform\windows\mappings.py -> build\lib.win-amd64-cpython-311\cephvr\platform\windows
copying src\cephvr\platform\windows\message_pipe.py -> build\lib.win-amd64-cpython-311\cephvr\platform\windows
copying src\cephvr\platform\windows\message_server.py -> build\lib.win-amd64-cpython-311\cephvr\platform\windows
copying src\cephvr\platform\windows\nvenc_api.py -> build\lib.win-amd64-cpython-311\cephvr\platform\windows
copying src\cephvr\platform\windows\nvenc_capabilities.py -> build\lib.win-amd64-cpython-311\cephvr\platform\windows
copying src\cephvr\platform\windows\nvenc_features.py -> build\lib.win-amd64-cpython-311\cephvr\platform\windows
copying src\cephvr\platform\windows\nvidia_device.py -> build\lib.win-amd64-cpython-311\cephvr\platform\windows
copying src\cephvr\platform\windows\resource_ledger.py -> build\lib.win-amd64-cpython-311\cephvr\platform\windows
copying src\cephvr\platform\windows\security.py -> build\lib.win-amd64-cpython-311\cephvr\platform\windows
copying src\cephvr\platform\windows\__init__.py -> build\lib.win-amd64-cpython-311\cephvr\platform\windows
creating build\lib.win-amd64-cpython-311\cephvr\shared\pixels
copying src\cephvr\shared\pixels\preparer.py -> build\lib.win-amd64-cpython-311\cephvr\shared\pixels
copying src\cephvr\shared\pixels\scaling.py -> build\lib.win-amd64-cpython-311\cephvr\shared\pixels
copying src\cephvr\shared\pixels\types.py -> build\lib.win-amd64-cpython-311\cephvr\shared\pixels
copying src\cephvr\shared\pixels\__init__.py -> build\lib.win-amd64-cpython-311\cephvr\shared\pixels
creating build\lib.win-amd64-cpython-311\cephvr\synchronization\v1
copying src\cephvr\synchronization\v1\spikeglx_pb2.py -> build\lib.win-amd64-cpython-311\cephvr\synchronization\v1
copying src\cephvr\synchronization\v1\spikeglx_pb2_grpc.py -> build\lib.win-amd64-cpython-311\cephvr\synchronization\v1
copying src\cephvr\synchronization\v1\__init__.py -> build\lib.win-amd64-cpython-311\cephvr\synchronization\v1
creating build\lib.win-amd64-cpython-311\cephvr\tracking\config
copying src\cephvr\tracking\config\annotations.py -> build\lib.win-amd64-cpython-311\cephvr\tracking\config
copying src\cephvr\tracking\config\files.py -> build\lib.win-amd64-cpython-311\cephvr\tracking\config
copying src\cephvr\tracking\config\pipeline.py -> build\lib.win-amd64-cpython-311\cephvr\tracking\config
copying src\cephvr\tracking\config\stages.py -> build\lib.win-amd64-cpython-311\cephvr\tracking\config
copying src\cephvr\tracking\config\validation.py -> build\lib.win-amd64-cpython-311\cephvr\tracking\config
copying src\cephvr\tracking\config\__init__.py -> build\lib.win-amd64-cpython-311\cephvr\tracking\config
creating build\lib.win-amd64-cpython-311\cephvr\tracking\coordinator
copying src\cephvr\tracking\coordinator\commands.py -> build\lib.win-amd64-cpython-311\cephvr\tracking\coordinator
copying src\cephvr\tracking\coordinator\ports.py -> build\lib.win-amd64-cpython-311\cephvr\tracking\coordinator
copying src\cephvr\tracking\coordinator\projection.py -> build\lib.win-amd64-cpython-311\cephvr\tracking\coordinator
copying src\cephvr\tracking\coordinator\reports.py -> build\lib.win-amd64-cpython-311\cephvr\tracking\coordinator
copying src\cephvr\tracking\coordinator\state.py -> build\lib.win-amd64-cpython-311\cephvr\tracking\coordinator
copying src\cephvr\tracking\coordinator\trials.py -> build\lib.win-amd64-cpython-311\cephvr\tracking\coordinator
copying src\cephvr\tracking\coordinator\__init__.py -> build\lib.win-amd64-cpython-311\cephvr\tracking\coordinator
creating build\lib.win-amd64-cpython-311\cephvr\tracking\feedback
copying src\cephvr\tracking\feedback\delivery.py -> build\lib.win-amd64-cpython-311\cephvr\tracking\feedback
copying src\cephvr\tracking\feedback\transport.py -> build\lib.win-amd64-cpython-311\cephvr\tracking\feedback
copying src\cephvr\tracking\feedback\__init__.py -> build\lib.win-amd64-cpython-311\cephvr\tracking\feedback
creating build\lib.win-amd64-cpython-311\cephvr\tracking\methods
copying src\cephvr\tracking\methods\association.py -> build\lib.win-amd64-cpython-311\cephvr\tracking\methods
copying src\cephvr\tracking\methods\contour.py -> build\lib.win-amd64-cpython-311\cephvr\tracking\methods
copying src\cephvr\tracking\methods\flow_buffers.py -> build\lib.win-amd64-cpython-311\cephvr\tracking\methods
copying src\cephvr\tracking\methods\geometry.py -> build\lib.win-amd64-cpython-311\cephvr\tracking\methods
copying src\cephvr\tracking\methods\images.py -> build\lib.win-amd64-cpython-311\cephvr\tracking\methods
copying src\cephvr\tracking\methods\landmarks.py -> build\lib.win-amd64-cpython-311\cephvr\tracking\methods
copying src\cephvr\tracking\methods\model.py -> build\lib.win-amd64-cpython-311\cephvr\tracking\methods
copying src\cephvr\tracking\methods\model_assets.py -> build\lib.win-amd64-cpython-311\cephvr\tracking\methods
copying src\cephvr\tracking\methods\model_placement.py -> build\lib.win-amd64-cpython-311\cephvr\tracking\methods
copying src\cephvr\tracking\methods\model_tensor.py -> build\lib.win-amd64-cpython-311\cephvr\tracking\methods
copying src\cephvr\tracking\methods\nvidia.py -> build\lib.win-amd64-cpython-311\cephvr\tracking\methods
copying src\cephvr\tracking\methods\outline.py -> build\lib.win-amd64-cpython-311\cephvr\tracking\methods
copying src\cephvr\tracking\methods\proxy.py -> build\lib.win-amd64-cpython-311\cephvr\tracking\methods
copying src\cephvr\tracking\methods\screening.py -> build\lib.win-amd64-cpython-311\cephvr\tracking\methods
copying src\cephvr\tracking\methods\__init__.py -> build\lib.win-amd64-cpython-311\cephvr\tracking\methods
creating build\lib.win-amd64-cpython-311\cephvr\tracking\native
copying src\cephvr\tracking\native\nvof.py -> build\lib.win-amd64-cpython-311\cephvr\tracking\native
copying src\cephvr\tracking\native\__init__.py -> build\lib.win-amd64-cpython-311\cephvr\tracking\native
creating build\lib.win-amd64-cpython-311\cephvr\tracking\processing
copying src\cephvr\tracking\processing\frames.py -> build\lib.win-amd64-cpython-311\cephvr\tracking\processing
copying src\cephvr\tracking\processing\gate.py -> build\lib.win-amd64-cpython-311\cephvr\tracking\processing
copying src\cephvr\tracking\processing\history.py -> build\lib.win-amd64-cpython-311\cephvr\tracking\processing
copying src\cephvr\tracking\processing\movement.py -> build\lib.win-amd64-cpython-311\cephvr\tracking\processing
copying src\cephvr\tracking\processing\pose.py -> build\lib.win-amd64-cpython-311\cephvr\tracking\processing
copying src\cephvr\tracking\processing\session.py -> build\lib.win-amd64-cpython-311\cephvr\tracking\processing
copying src\cephvr\tracking\processing\source.py -> build\lib.win-amd64-cpython-311\cephvr\tracking\processing
copying src\cephvr\tracking\processing\__init__.py -> build\lib.win-amd64-cpython-311\cephvr\tracking\processing
creating build\lib.win-amd64-cpython-311\cephvr\tracking\recording
copying src\cephvr\tracking\recording\codec.py -> build\lib.win-amd64-cpython-311\cephvr\tracking\recording
copying src\cephvr\tracking\recording\results.py -> build\lib.win-amd64-cpython-311\cephvr\tracking\recording
copying src\cephvr\tracking\recording\writer.py -> build\lib.win-amd64-cpython-311\cephvr\tracking\recording
copying src\cephvr\tracking\recording\__init__.py -> build\lib.win-amd64-cpython-311\cephvr\tracking\recording
creating build\lib.win-amd64-cpython-311\cephvr\tracking\transport
copying src\cephvr\tracking\transport\boundary.py -> build\lib.win-amd64-cpython-311\cephvr\tracking\transport
copying src\cephvr\tracking\transport\peers.py -> build\lib.win-amd64-cpython-311\cephvr\tracking\transport
copying src\cephvr\tracking\transport\server.py -> build\lib.win-amd64-cpython-311\cephvr\tracking\transport
copying src\cephvr\tracking\transport\services.py -> build\lib.win-amd64-cpython-311\cephvr\tracking\transport
copying src\cephvr\tracking\transport\__init__.py -> build\lib.win-amd64-cpython-311\cephvr\tracking\transport
creating build\lib.win-amd64-cpython-311\cephvr\tracking\v1
copying src\cephvr\tracking\v1\methods_pb2.py -> build\lib.win-amd64-cpython-311\cephvr\tracking\v1
copying src\cephvr\tracking\v1\methods_pb2_grpc.py -> build\lib.win-amd64-cpython-311\cephvr\tracking\v1
copying src\cephvr\tracking\v1\pose_pb2.py -> build\lib.win-amd64-cpython-311\cephvr\tracking\v1
copying src\cephvr\tracking\v1\pose_pb2_grpc.py -> build\lib.win-amd64-cpython-311\cephvr\tracking\v1
copying src\cephvr\tracking\v1\preparation_pb2.py -> build\lib.win-amd64-cpython-311\cephvr\tracking\v1
copying src\cephvr\tracking\v1\preparation_pb2_grpc.py -> build\lib.win-amd64-cpython-311\cephvr\tracking\v1
copying src\cephvr\tracking\v1\recording_pb2.py -> build\lib.win-amd64-cpython-311\cephvr\tracking\v1
copying src\cephvr\tracking\v1\recording_pb2_grpc.py -> build\lib.win-amd64-cpython-311\cephvr\tracking\v1
copying src\cephvr\tracking\v1\services_pb2.py -> build\lib.win-amd64-cpython-311\cephvr\tracking\v1
copying src\cephvr\tracking\v1\services_pb2_grpc.py -> build\lib.win-amd64-cpython-311\cephvr\tracking\v1
copying src\cephvr\tracking\v1\__init__.py -> build\lib.win-amd64-cpython-311\cephvr\tracking\v1
creating build\lib.win-amd64-cpython-311\cephvr\tracking\config\models
copying src\cephvr\tracking\config\models\methods.py -> build\lib.win-amd64-cpython-311\cephvr\tracking\config\models
copying src\cephvr\tracking\config\models\records.py -> build\lib.win-amd64-cpython-311\cephvr\tracking\config\models
copying src\cephvr\tracking\config\models\__init__.py -> build\lib.win-amd64-cpython-311\cephvr\tracking\config\models
creating build\lib.win-amd64-cpython-311\cephvr\visual_stimulus\compiler
copying src\cephvr\visual_stimulus\compiler\compile.py -> build\lib.win-amd64-cpython-311\cephvr\visual_stimulus\compiler
copying src\cephvr\visual_stimulus\compiler\durations.py -> build\lib.win-amd64-cpython-311\cephvr\visual_stimulus\compiler
copying src\cephvr\visual_stimulus\compiler\expansion.py -> build\lib.win-amd64-cpython-311\cephvr\visual_stimulus\compiler
copying src\cephvr\visual_stimulus\compiler\transitions.py -> build\lib.win-amd64-cpython-311\cephvr\visual_stimulus\compiler
copying src\cephvr\visual_stimulus\compiler\warnings.py -> build\lib.win-amd64-cpython-311\cephvr\visual_stimulus\compiler
copying src\cephvr\visual_stimulus\compiler\__init__.py -> build\lib.win-amd64-cpython-311\cephvr\visual_stimulus\compiler
creating build\lib.win-amd64-cpython-311\cephvr\visual_stimulus\config
copying src\cephvr\visual_stimulus\config\__init__.py -> build\lib.win-amd64-cpython-311\cephvr\visual_stimulus\config
creating build\lib.win-amd64-cpython-311\cephvr\visual_stimulus\coordinator
copying src\cephvr\visual_stimulus\coordinator\commands.py -> build\lib.win-amd64-cpython-311\cephvr\visual_stimulus\coordinator
copying src\cephvr\visual_stimulus\coordinator\incidents.py -> build\lib.win-amd64-cpython-311\cephvr\visual_stimulus\coordinator
copying src\cephvr\visual_stimulus\coordinator\obligations.py -> build\lib.win-amd64-cpython-311\cephvr\visual_stimulus\coordinator
copying src\cephvr\visual_stimulus\coordinator\ports.py -> build\lib.win-amd64-cpython-311\cephvr\visual_stimulus\coordinator
copying src\cephvr\visual_stimulus\coordinator\projection.py -> build\lib.win-amd64-cpython-311\cephvr\visual_stimulus\coordinator
copying src\cephvr\visual_stimulus\coordinator\ready.py -> build\lib.win-amd64-cpython-311\cephvr\visual_stimulus\coordinator
copying src\cephvr\visual_stimulus\coordinator\recipes.py -> build\lib.win-amd64-cpython-311\cephvr\visual_stimulus\coordinator
copying src\cephvr\visual_stimulus\coordinator\reports.py -> build\lib.win-amd64-cpython-311\cephvr\visual_stimulus\coordinator
copying src\cephvr\visual_stimulus\coordinator\state.py -> build\lib.win-amd64-cpython-311\cephvr\visual_stimulus\coordinator
copying src\cephvr\visual_stimulus\coordinator\__init__.py -> build\lib.win-amd64-cpython-311\cephvr\visual_stimulus\coordinator
creating build\lib.win-amd64-cpython-311\cephvr\visual_stimulus\feedback
copying src\cephvr\visual_stimulus\feedback\arena.py -> build\lib.win-amd64-cpython-311\cephvr\visual_stimulus\feedback
copying src\cephvr\visual_stimulus\feedback\batch.py -> build\lib.win-amd64-cpython-311\cephvr\visual_stimulus\feedback
copying src\cephvr\visual_stimulus\feedback\consumer.py -> build\lib.win-amd64-cpython-311\cephvr\visual_stimulus\feedback
copying src\cephvr\visual_stimulus\feedback\credits.py -> build\lib.win-amd64-cpython-311\cephvr\visual_stimulus\feedback
copying src\cephvr\visual_stimulus\feedback\mapping.py -> build\lib.win-amd64-cpython-311\cephvr\visual_stimulus\feedback
copying src\cephvr\visual_stimulus\feedback\native.py -> build\lib.win-amd64-cpython-311\cephvr\visual_stimulus\feedback
copying src\cephvr\visual_stimulus\feedback\pipe_consumer.py -> build\lib.win-amd64-cpython-311\cephvr\visual_stimulus\feedback
copying src\cephvr\visual_stimulus\feedback\wire.py -> build\lib.win-amd64-cpython-311\cephvr\visual_stimulus\feedback
copying src\cephvr\visual_stimulus\feedback\__init__.py -> build\lib.win-amd64-cpython-311\cephvr\visual_stimulus\feedback
creating build\lib.win-amd64-cpython-311\cephvr\visual_stimulus\recording
copying src\cephvr\visual_stimulus\recording\capture.py -> build\lib.win-amd64-cpython-311\cephvr\visual_stimulus\recording
copying src\cephvr\visual_stimulus\recording\capture_runtime.py -> build\lib.win-amd64-cpython-311\cephvr\visual_stimulus\recording
copying src\cephvr\visual_stimulus\recording\completion.py -> build\lib.win-amd64-cpython-311\cephvr\visual_stimulus\recording
copying src\cephvr\visual_stimulus\recording\encoder_owner.py -> build\lib.win-amd64-cpython-311\cephvr\visual_stimulus\recording
copying src\cephvr\visual_stimulus\recording\encoding.py -> build\lib.win-amd64-cpython-311\cephvr\visual_stimulus\recording
copying src\cephvr\visual_stimulus\recording\encoding_probe.py -> build\lib.win-amd64-cpython-311\cephvr\visual_stimulus\recording
copying src\cephvr\visual_stimulus\recording\evidence.py -> build\lib.win-amd64-cpython-311\cephvr\visual_stimulus\recording
copying src\cephvr\visual_stimulus\recording\evidence_records.py -> build\lib.win-amd64-cpython-311\cephvr\visual_stimulus\recording
copying src\cephvr\visual_stimulus\recording\native.py -> build\lib.win-amd64-cpython-311\cephvr\visual_stimulus\recording
copying src\cephvr\visual_stimulus\recording\outcomes.py -> build\lib.win-amd64-cpython-311\cephvr\visual_stimulus\recording
copying src\cephvr\visual_stimulus\recording\recipe.py -> build\lib.win-amd64-cpython-311\cephvr\visual_stimulus\recording
copying src\cephvr\visual_stimulus\recording\session.py -> build\lib.win-amd64-cpython-311\cephvr\visual_stimulus\recording
copying src\cephvr\visual_stimulus\recording\__init__.py -> build\lib.win-amd64-cpython-311\cephvr\visual_stimulus\recording
creating build\lib.win-amd64-cpython-311\cephvr\visual_stimulus\rendering
copying src\cephvr\visual_stimulus\rendering\arena.py -> build\lib.win-amd64-cpython-311\cephvr\visual_stimulus\rendering
copying src\cephvr\visual_stimulus\rendering\arena_draw.py -> build\lib.win-amd64-cpython-311\cephvr\visual_stimulus\rendering
copying src\cephvr\visual_stimulus\rendering\arena_gpu.py -> build\lib.win-amd64-cpython-311\cephvr\visual_stimulus\rendering
copying src\cephvr\visual_stimulus\rendering\capture.py -> build\lib.win-amd64-cpython-311\cephvr\visual_stimulus\rendering
copying src\cephvr\visual_stimulus\rendering\capture_sync.py -> build\lib.win-amd64-cpython-311\cephvr\visual_stimulus\rendering
copying src\cephvr\visual_stimulus\rendering\color.py -> build\lib.win-amd64-cpython-311\cephvr\visual_stimulus\rendering
copying src\cephvr\visual_stimulus\rendering\diagnostics.py -> build\lib.win-amd64-cpython-311\cephvr\visual_stimulus\rendering
copying src\cephvr\visual_stimulus\rendering\engine.py -> build\lib.win-amd64-cpython-311\cephvr\visual_stimulus\rendering
copying src\cephvr\visual_stimulus\rendering\evidence.py -> build\lib.win-amd64-cpython-311\cephvr\visual_stimulus\rendering
copying src\cephvr\visual_stimulus\rendering\layer_projection.py -> build\lib.win-amd64-cpython-311\cephvr\visual_stimulus\rendering
copying src\cephvr\visual_stimulus\rendering\motion.py -> build\lib.win-amd64-cpython-311\cephvr\visual_stimulus\rendering
copying src\cephvr\visual_stimulus\rendering\native.py -> build\lib.win-amd64-cpython-311\cephvr\visual_stimulus\rendering
copying src\cephvr\visual_stimulus\rendering\native_display.py -> build\lib.win-amd64-cpython-311\cephvr\visual_stimulus\rendering
copying src\cephvr\visual_stimulus\rendering\projection.py -> build\lib.win-amd64-cpython-311\cephvr\visual_stimulus\rendering
copying src\cephvr\visual_stimulus\rendering\scene.py -> build\lib.win-amd64-cpython-311\cephvr\visual_stimulus\rendering
copying src\cephvr\visual_stimulus\rendering\scene_resources.py -> build\lib.win-amd64-cpython-311\cephvr\visual_stimulus\rendering
copying src\cephvr\visual_stimulus\rendering\shaders.py -> build\lib.win-amd64-cpython-311\cephvr\visual_stimulus\rendering
copying src\cephvr\visual_stimulus\rendering\state.py -> build\lib.win-amd64-cpython-311\cephvr\visual_stimulus\rendering
copying src\cephvr\visual_stimulus\rendering\types.py -> build\lib.win-amd64-cpython-311\cephvr\visual_stimulus\rendering
copying src\cephvr\visual_stimulus\rendering\upload.py -> build\lib.win-amd64-cpython-311\cephvr\visual_stimulus\rendering
copying src\cephvr\visual_stimulus\rendering\__init__.py -> build\lib.win-amd64-cpython-311\cephvr\visual_stimulus\rendering
creating build\lib.win-amd64-cpython-311\cephvr\visual_stimulus\resources
copying src\cephvr\visual_stimulus\resources\arena.py -> build\lib.win-amd64-cpython-311\cephvr\visual_stimulus\resources
copying src\cephvr\visual_stimulus\resources\assets.py -> build\lib.win-amd64-cpython-311\cephvr\visual_stimulus\resources
copying src\cephvr\visual_stimulus\resources\budget.py -> build\lib.win-amd64-cpython-311\cephvr\visual_stimulus\resources
copying src\cephvr\visual_stimulus\resources\calibration.py -> build\lib.win-amd64-cpython-311\cephvr\visual_stimulus\resources
copying src\cephvr\visual_stimulus\resources\ffv1_configuration.py -> build\lib.win-amd64-cpython-311\cephvr\visual_stimulus\resources
copying src\cephvr\visual_stimulus\resources\glb.py -> build\lib.win-amd64-cpython-311\cephvr\visual_stimulus\resources
copying src\cephvr\visual_stimulus\resources\glb_materials.py -> build\lib.win-amd64-cpython-311\cephvr\visual_stimulus\resources
copying src\cephvr\visual_stimulus\resources\image_headers.py -> build\lib.win-amd64-cpython-311\cephvr\visual_stimulus\resources
copying src\cephvr\visual_stimulus\resources\media.py -> build\lib.win-amd64-cpython-311\cephvr\visual_stimulus\resources
copying src\cephvr\visual_stimulus\resources\prepare.py -> build\lib.win-amd64-cpython-311\cephvr\visual_stimulus\resources
copying src\cephvr\visual_stimulus\resources\protected.py -> build\lib.win-amd64-cpython-311\cephvr\visual_stimulus\resources
copying src\cephvr\visual_stimulus\resources\session.py -> build\lib.win-amd64-cpython-311\cephvr\visual_stimulus\resources
copying src\cephvr\visual_stimulus\resources\uniforms.py -> build\lib.win-amd64-cpython-311\cephvr\visual_stimulus\resources
copying src\cephvr\visual_stimulus\resources\video.py -> build\lib.win-amd64-cpython-311\cephvr\visual_stimulus\resources
copying src\cephvr\visual_stimulus\resources\video_decoder.py -> build\lib.win-amd64-cpython-311\cephvr\visual_stimulus\resources
copying src\cephvr\visual_stimulus\resources\video_index.py -> build\lib.win-amd64-cpython-311\cephvr\visual_stimulus\resources
copying src\cephvr\visual_stimulus\resources\video_selection.py -> build\lib.win-amd64-cpython-311\cephvr\visual_stimulus\resources
copying src\cephvr\visual_stimulus\resources\video_session.py -> build\lib.win-amd64-cpython-311\cephvr\visual_stimulus\resources
copying src\cephvr\visual_stimulus\resources\__init__.py -> build\lib.win-amd64-cpython-311\cephvr\visual_stimulus\resources
creating build\lib.win-amd64-cpython-311\cephvr\visual_stimulus\transport
copying src\cephvr\visual_stimulus\transport\boundary.py -> build\lib.win-amd64-cpython-311\cephvr\visual_stimulus\transport
copying src\cephvr\visual_stimulus\transport\messages.py -> build\lib.win-amd64-cpython-311\cephvr\visual_stimulus\transport
copying src\cephvr\visual_stimulus\transport\peers.py -> build\lib.win-amd64-cpython-311\cephvr\visual_stimulus\transport
copying src\cephvr\visual_stimulus\transport\pending.py -> build\lib.win-amd64-cpython-311\cephvr\visual_stimulus\transport
copying src\cephvr\visual_stimulus\transport\server.py -> build\lib.win-amd64-cpython-311\cephvr\visual_stimulus\transport
copying src\cephvr\visual_stimulus\transport\services.py -> build\lib.win-amd64-cpython-311\cephvr\visual_stimulus\transport
copying src\cephvr\visual_stimulus\transport\__init__.py -> build\lib.win-amd64-cpython-311\cephvr\visual_stimulus\transport
creating build\lib.win-amd64-cpython-311\cephvr\visual_stimulus\v1
copying src\cephvr\visual_stimulus\v1\data_pb2.py -> build\lib.win-amd64-cpython-311\cephvr\visual_stimulus\v1
copying src\cephvr\visual_stimulus\v1\data_pb2_grpc.py -> build\lib.win-amd64-cpython-311\cephvr\visual_stimulus\v1
copying src\cephvr\visual_stimulus\v1\messages_pb2.py -> build\lib.win-amd64-cpython-311\cephvr\visual_stimulus\v1
copying src\cephvr\visual_stimulus\v1\messages_pb2_grpc.py -> build\lib.win-amd64-cpython-311\cephvr\visual_stimulus\v1
copying src\cephvr\visual_stimulus\v1\plan_pb2.py -> build\lib.win-amd64-cpython-311\cephvr\visual_stimulus\v1
copying src\cephvr\visual_stimulus\v1\plan_pb2_grpc.py -> build\lib.win-amd64-cpython-311\cephvr\visual_stimulus\v1
copying src\cephvr\visual_stimulus\v1\runtime_pb2.py -> build\lib.win-amd64-cpython-311\cephvr\visual_stimulus\v1
copying src\cephvr\visual_stimulus\v1\runtime_pb2_grpc.py -> build\lib.win-amd64-cpython-311\cephvr\visual_stimulus\v1
copying src\cephvr\visual_stimulus\v1\services_pb2.py -> build\lib.win-amd64-cpython-311\cephvr\visual_stimulus\v1
copying src\cephvr\visual_stimulus\v1\services_pb2_grpc.py -> build\lib.win-amd64-cpython-311\cephvr\visual_stimulus\v1
copying src\cephvr\visual_stimulus\v1\__init__.py -> build\lib.win-amd64-cpython-311\cephvr\visual_stimulus\v1
creating build\lib.win-amd64-cpython-311\cephvr\visual_stimulus\worker
copying src\cephvr\visual_stimulus\worker\bootstrap.py -> build\lib.win-amd64-cpython-311\cephvr\visual_stimulus\worker
copying src\cephvr\visual_stimulus\worker\cleanup.py -> build\lib.win-amd64-cpython-311\cephvr\visual_stimulus\worker
copying src\cephvr\visual_stimulus\worker\display_initialization.py -> build\lib.win-amd64-cpython-311\cephvr\visual_stimulus\worker
copying src\cephvr\visual_stimulus\worker\lifecycle.py -> build\lib.win-amd64-cpython-311\cephvr\visual_stimulus\worker
copying src\cephvr\visual_stimulus\worker\main.py -> build\lib.win-amd64-cpython-311\cephvr\visual_stimulus\worker
copying src\cephvr\visual_stimulus\worker\native.py -> build\lib.win-amd64-cpython-311\cephvr\visual_stimulus\worker
copying src\cephvr\visual_stimulus\worker\owner.py -> build\lib.win-amd64-cpython-311\cephvr\visual_stimulus\worker
copying src\cephvr\visual_stimulus\worker\ports.py -> build\lib.win-amd64-cpython-311\cephvr\visual_stimulus\worker
copying src\cephvr\visual_stimulus\worker\preparation.py -> build\lib.win-amd64-cpython-311\cephvr\visual_stimulus\worker
copying src\cephvr\visual_stimulus\worker\registration.py -> build\lib.win-amd64-cpython-311\cephvr\visual_stimulus\worker
copying src\cephvr\visual_stimulus\worker\reporting.py -> build\lib.win-amd64-cpython-311\cephvr\visual_stimulus\worker
copying src\cephvr\visual_stimulus\worker\runtime.py -> build\lib.win-amd64-cpython-311\cephvr\visual_stimulus\worker
copying src\cephvr\visual_stimulus\worker\state.py -> build\lib.win-amd64-cpython-311\cephvr\visual_stimulus\worker
copying src\cephvr\visual_stimulus\worker\timing.py -> build\lib.win-amd64-cpython-311\cephvr\visual_stimulus\worker
copying src\cephvr\visual_stimulus\worker\trials.py -> build\lib.win-amd64-cpython-311\cephvr\visual_stimulus\worker
copying src\cephvr\visual_stimulus\worker\trial_admissions.py -> build\lib.win-amd64-cpython-311\cephvr\visual_stimulus\worker
copying src\cephvr\visual_stimulus\worker\__init__.py -> build\lib.win-amd64-cpython-311\cephvr\visual_stimulus\worker
creating build\lib.win-amd64-cpython-311\cephvr\visual_stimulus\config\models
copying src\cephvr\visual_stimulus\config\models\artifact_models.py -> build\lib.win-amd64-cpython-311\cephvr\visual_stimulus\config\models
copying src\cephvr\visual_stimulus\config\models\display_profile.py -> build\lib.win-amd64-cpython-311\cephvr\visual_stimulus\config\models
copying src\cephvr\visual_stimulus\config\models\evidence_model.py -> build\lib.win-amd64-cpython-311\cephvr\visual_stimulus\config\models
copying src\cephvr\visual_stimulus\config\models\parameter_catalogue.py -> build\lib.win-amd64-cpython-311\cephvr\visual_stimulus\config\models
copying src\cephvr\visual_stimulus\config\models\photometric_profile.py -> build\lib.win-amd64-cpython-311\cephvr\visual_stimulus\config\models
copying src\cephvr\visual_stimulus\config\models\program_model.py -> build\lib.win-amd64-cpython-311\cephvr\visual_stimulus\config\models
copying src\cephvr\visual_stimulus\config\models\schema_common.py -> build\lib.win-amd64-cpython-311\cephvr\visual_stimulus\config\models
copying src\cephvr\visual_stimulus\config\models\__init__.py -> build\lib.win-amd64-cpython-311\cephvr\visual_stimulus\config\models
copying src\cephvr\acquisition\v1\camera_pb2.pyi -> build\lib.win-amd64-cpython-311\cephvr\acquisition\v1
copying src\cephvr\acquisition\v1\messages_pb2.pyi -> build\lib.win-amd64-cpython-311\cephvr\acquisition\v1
copying src\cephvr\acquisition\v1\microcontroller_pb2.pyi -> build\lib.win-amd64-cpython-311\cephvr\acquisition\v1
copying src\cephvr\acquisition\v1\runtime_pb2.pyi -> build\lib.win-amd64-cpython-311\cephvr\acquisition\v1
copying src\cephvr\acquisition\v1\services_pb2.pyi -> build\lib.win-amd64-cpython-311\cephvr\acquisition\v1
copying src\cephvr\control\v1\native_transport_pb2.pyi -> build\lib.win-amd64-cpython-311\cephvr\control\v1
copying src\cephvr\control\v1\services_pb2.pyi -> build\lib.win-amd64-cpython-311\cephvr\control\v1
copying src\cephvr\control\v1\types_pb2.pyi -> build\lib.win-amd64-cpython-311\cephvr\control\v1
copying src\cephvr\platform\windows\cephvr_atomics.dll -> build\lib.win-amd64-cpython-311\cephvr\platform\windows
copying src\cephvr\synchronization\v1\spikeglx_pb2.pyi -> build\lib.win-amd64-cpython-311\cephvr\synchronization\v1
copying src\cephvr\tracking\native\cephvr_nvof.dll -> build\lib.win-amd64-cpython-311\cephvr\tracking\native
copying src\cephvr\tracking\v1\methods_pb2.pyi -> build\lib.win-amd64-cpython-311\cephvr\tracking\v1
copying src\cephvr\tracking\v1\pose_pb2.pyi -> build\lib.win-amd64-cpython-311\cephvr\tracking\v1
copying src\cephvr\tracking\v1\preparation_pb2.pyi -> build\lib.win-amd64-cpython-311\cephvr\tracking\v1
copying src\cephvr\tracking\v1\recording_pb2.pyi -> build\lib.win-amd64-cpython-311\cephvr\tracking\v1
copying src\cephvr\tracking\v1\services_pb2.pyi -> build\lib.win-amd64-cpython-311\cephvr\tracking\v1
copying src\cephvr\visual_stimulus\v1\data_pb2.pyi -> build\lib.win-amd64-cpython-311\cephvr\visual_stimulus\v1
copying src\cephvr\visual_stimulus\v1\messages_pb2.pyi -> build\lib.win-amd64-cpython-311\cephvr\visual_stimulus\v1
copying src\cephvr\visual_stimulus\v1\plan_pb2.pyi -> build\lib.win-amd64-cpython-311\cephvr\visual_stimulus\v1
copying src\cephvr\visual_stimulus\v1\runtime_pb2.pyi -> build\lib.win-amd64-cpython-311\cephvr\visual_stimulus\v1
copying src\cephvr\visual_stimulus\v1\services_pb2.pyi -> build\lib.win-amd64-cpython-311\cephvr\visual_stimulus\v1
running build_ext
installing to build\bdist.win-amd64\wheel
running install
running install_lib
creating build\bdist.win-amd64\wheel
creating build\bdist.win-amd64\wheel\cephvr
creating build\bdist.win-amd64\wheel\cephvr\acquisition
creating build\bdist.win-amd64\wheel\cephvr\acquisition\buffers
copying build\lib.win-amd64-cpython-311\cephvr\acquisition\buffers\end_marker.py -> build\bdist.win-amd64\wheel\.\cephvr\acquisition\buffers
copying build\lib.win-amd64-cpython-311\cephvr\acquisition\buffers\layout.py -> build\bdist.win-amd64\wheel\.\cephvr\acquisition\buffers
copying build\lib.win-amd64-cpython-311\cephvr\acquisition\buffers\pixel_pool.py -> build\bdist.win-amd64\wheel\.\cephvr\acquisition\buffers
copying build\lib.win-amd64-cpython-311\cephvr\acquisition\buffers\queue.py -> build\bdist.win-amd64\wheel\.\cephvr\acquisition\buffers
copying build\lib.win-amd64-cpython-311\cephvr\acquisition\buffers\records.py -> build\bdist.win-amd64\wheel\.\cephvr\acquisition\buffers
copying build\lib.win-amd64-cpython-311\cephvr\acquisition\buffers\resource_port.py -> build\bdist.win-amd64\wheel\.\cephvr\acquisition\buffers
copying build\lib.win-amd64-cpython-311\cephvr\acquisition\buffers\ring.py -> build\bdist.win-amd64\wheel\.\cephvr\acquisition\buffers
copying build\lib.win-amd64-cpython-311\cephvr\acquisition\buffers\ring_attachment.py -> build\bdist.win-amd64\wheel\.\cephvr\acquisition\buffers
copying build\lib.win-amd64-cpython-311\cephvr\acquisition\buffers\__init__.py -> build\bdist.win-amd64\wheel\.\cephvr\acquisition\buffers
creating build\bdist.win-amd64\wheel\cephvr\acquisition\camera
copying build\lib.win-amd64-cpython-311\cephvr\acquisition\camera\basler.py -> build\bdist.win-amd64\wheel\.\cephvr\acquisition\camera
copying build\lib.win-amd64-cpython-311\cephvr\acquisition\camera\errors.py -> build\bdist.win-amd64\wheel\.\cephvr\acquisition\camera
copying build\lib.win-amd64-cpython-311\cephvr\acquisition\camera\features.py -> build\bdist.win-amd64\wheel\.\cephvr\acquisition\camera
copying build\lib.win-amd64-cpython-311\cephvr\acquisition\camera\grab.py -> build\bdist.win-amd64\wheel\.\cephvr\acquisition\camera
copying build\lib.win-amd64-cpython-311\cephvr\acquisition\camera\metadata.py -> build\bdist.win-amd64\wheel\.\cephvr\acquisition\camera
copying build\lib.win-amd64-cpython-311\cephvr\acquisition\camera\native_formats.py -> build\bdist.win-amd64\wheel\.\cephvr\acquisition\camera
copying build\lib.win-amd64-cpython-311\cephvr\acquisition\camera\records.py -> build\bdist.win-amd64\wheel\.\cephvr\acquisition\camera
copying build\lib.win-amd64-cpython-311\cephvr\acquisition\camera\roi.py -> build\bdist.win-amd64\wheel\.\cephvr\acquisition\camera
copying build\lib.win-amd64-cpython-311\cephvr\acquisition\camera\settings.py -> build\bdist.win-amd64\wheel\.\cephvr\acquisition\camera
copying build\lib.win-amd64-cpython-311\cephvr\acquisition\camera\transport.py -> build\bdist.win-amd64\wheel\.\cephvr\acquisition\camera
copying build\lib.win-amd64-cpython-311\cephvr\acquisition\camera\types.py -> build\bdist.win-amd64\wheel\.\cephvr\acquisition\camera
copying build\lib.win-amd64-cpython-311\cephvr\acquisition\camera\wait.py -> build\bdist.win-amd64\wheel\.\cephvr\acquisition\camera
copying build\lib.win-amd64-cpython-311\cephvr\acquisition\camera\__init__.py -> build\bdist.win-amd64\wheel\.\cephvr\acquisition\camera
creating build\bdist.win-amd64\wheel\cephvr\acquisition\config
copying build\lib.win-amd64-cpython-311\cephvr\acquisition\config\defaults.py -> build\bdist.win-amd64\wheel\.\cephvr\acquisition\config
copying build\lib.win-amd64-cpython-311\cephvr\acquisition\config\file_policies.py -> build\bdist.win-amd64\wheel\.\cephvr\acquisition\config
copying build\lib.win-amd64-cpython-311\cephvr\acquisition\config\policy.py -> build\bdist.win-amd64\wheel\.\cephvr\acquisition\config
copying build\lib.win-amd64-cpython-311\cephvr\acquisition\config\validation.py -> build\bdist.win-amd64\wheel\.\cephvr\acquisition\config
copying build\lib.win-amd64-cpython-311\cephvr\acquisition\config\validation_buffers.py -> build\bdist.win-amd64\wheel\.\cephvr\acquisition\config
copying build\lib.win-amd64-cpython-311\cephvr\acquisition\config\validation_camera.py -> build\bdist.win-amd64\wheel\.\cephvr\acquisition\config
copying build\lib.win-amd64-cpython-311\cephvr\acquisition\config\validation_pulse.py -> build\bdist.win-amd64\wheel\.\cephvr\acquisition\config
copying build\lib.win-amd64-cpython-311\cephvr\acquisition\config\validation_values.py -> build\bdist.win-amd64\wheel\.\cephvr\acquisition\config
copying build\lib.win-amd64-cpython-311\cephvr\acquisition\config\values.py -> build\bdist.win-amd64\wheel\.\cephvr\acquisition\config
copying build\lib.win-amd64-cpython-311\cephvr\acquisition\config\__init__.py -> build\bdist.win-amd64\wheel\.\cephvr\acquisition\config
copying build\lib.win-amd64-cpython-311\cephvr\acquisition\configuration.py -> build\bdist.win-amd64\wheel\.\cephvr\acquisition
creating build\bdist.win-amd64\wheel\cephvr\acquisition\coordinator
copying build\lib.win-amd64-cpython-311\cephvr\acquisition\coordinator\authority_failure.py -> build\bdist.win-amd64\wheel\.\cephvr\acquisition\coordinator
copying build\lib.win-amd64-cpython-311\cephvr\acquisition\coordinator\cleanup.py -> build\bdist.win-amd64\wheel\.\cephvr\acquisition\coordinator
copying build\lib.win-amd64-cpython-311\cephvr\acquisition\coordinator\cleanup_report.py -> build\bdist.win-amd64\wheel\.\cephvr\acquisition\coordinator
copying build\lib.win-amd64-cpython-311\cephvr\acquisition\coordinator\commands.py -> build\bdist.win-amd64\wheel\.\cephvr\acquisition\coordinator
copying build\lib.win-amd64-cpython-311\cephvr\acquisition\coordinator\configuration_resolution.py -> build\bdist.win-amd64\wheel\.\cephvr\acquisition\coordinator
copying build\lib.win-amd64-cpython-311\cephvr\acquisition\coordinator\evidence.py -> build\bdist.win-amd64\wheel\.\cephvr\acquisition\coordinator
copying build\lib.win-amd64-cpython-311\cephvr\acquisition\coordinator\evidence_cleanup.py -> build\bdist.win-amd64\wheel\.\cephvr\acquisition\coordinator
copying build\lib.win-amd64-cpython-311\cephvr\acquisition\coordinator\evidence_helpers.py -> build\bdist.win-amd64\wheel\.\cephvr\acquisition\coordinator
copying build\lib.win-amd64-cpython-311\cephvr\acquisition\coordinator\evidence_lifecycle.py -> build\bdist.win-amd64\wheel\.\cephvr\acquisition\coordinator
copying build\lib.win-amd64-cpython-311\cephvr\acquisition\coordinator\evidence_operations.py -> build\bdist.win-amd64\wheel\.\cephvr\acquisition\coordinator
copying build\lib.win-amd64-cpython-311\cephvr\acquisition\coordinator\evidence_ready.py -> build\bdist.win-amd64\wheel\.\cephvr\acquisition\coordinator
copying build\lib.win-amd64-cpython-311\cephvr\acquisition\coordinator\evidence_telemetry.py -> build\bdist.win-amd64\wheel\.\cephvr\acquisition\coordinator
copying build\lib.win-amd64-cpython-311\cephvr\acquisition\coordinator\health.py -> build\bdist.win-amd64\wheel\.\cephvr\acquisition\coordinator
copying build\lib.win-amd64-cpython-311\cephvr\acquisition\coordinator\incidents.py -> build\bdist.win-amd64\wheel\.\cephvr\acquisition\coordinator
copying build\lib.win-amd64-cpython-311\cephvr\acquisition\coordinator\manual_devices.py -> build\bdist.win-amd64\wheel\.\cephvr\acquisition\coordinator
copying build\lib.win-amd64-cpython-311\cephvr\acquisition\coordinator\manual_device_commands.py -> build\bdist.win-amd64\wheel\.\cephvr\acquisition\coordinator
copying build\lib.win-amd64-cpython-311\cephvr\acquisition\coordinator\manual_device_status.py -> build\bdist.win-amd64\wheel\.\cephvr\acquisition\coordinator
copying build\lib.win-amd64-cpython-311\cephvr\acquisition\coordinator\manual_operation_results.py -> build\bdist.win-amd64\wheel\.\cephvr\acquisition\coordinator
copying build\lib.win-amd64-cpython-311\cephvr\acquisition\coordinator\manual_preview.py -> build\bdist.win-amd64\wheel\.\cephvr\acquisition\coordinator
copying build\lib.win-amd64-cpython-311\cephvr\acquisition\coordinator\manual_preview_pulse.py -> build\bdist.win-amd64\wheel\.\cephvr\acquisition\coordinator
copying build\lib.win-amd64-cpython-311\cephvr\acquisition\coordinator\manual_preview_resources.py -> build\bdist.win-amd64\wheel\.\cephvr\acquisition\coordinator
copying build\lib.win-amd64-cpython-311\cephvr\acquisition\coordinator\manual_preview_setup.py -> build\bdist.win-amd64\wheel\.\cephvr\acquisition\coordinator
copying build\lib.win-amd64-cpython-311\cephvr\acquisition\coordinator\manual_preview_start.py -> build\bdist.win-amd64\wheel\.\cephvr\acquisition\coordinator
copying build\lib.win-amd64-cpython-311\cephvr\acquisition\coordinator\manual_preview_transfer.py -> build\bdist.win-amd64\wheel\.\cephvr\acquisition\coordinator
copying build\lib.win-amd64-cpython-311\cephvr\acquisition\coordinator\manual_pulses.py -> build\bdist.win-amd64\wheel\.\cephvr\acquisition\coordinator
copying build\lib.win-amd64-cpython-311\cephvr\acquisition\coordinator\manual_pulse_observation.py -> build\bdist.win-amd64\wheel\.\cephvr\acquisition\coordinator
copying build\lib.win-amd64-cpython-311\cephvr\acquisition\coordinator\manual_session_access.py -> build\bdist.win-amd64\wheel\.\cephvr\acquisition\coordinator
copying build\lib.win-amd64-cpython-311\cephvr\acquisition\coordinator\operations.py -> build\bdist.win-amd64\wheel\.\cephvr\acquisition\coordinator
copying build\lib.win-amd64-cpython-311\cephvr\acquisition\coordinator\prepared_functions.py -> build\bdist.win-amd64\wheel\.\cephvr\acquisition\coordinator
copying build\lib.win-amd64-cpython-311\cephvr\acquisition\coordinator\queries.py -> build\bdist.win-amd64\wheel\.\cephvr\acquisition\coordinator
copying build\lib.win-amd64-cpython-311\cephvr\acquisition\coordinator\recording_payload.py -> build\bdist.win-amd64\wheel\.\cephvr\acquisition\coordinator
copying build\lib.win-amd64-cpython-311\cephvr\acquisition\coordinator\session.py -> build\bdist.win-amd64\wheel\.\cephvr\acquisition\coordinator
copying build\lib.win-amd64-cpython-311\cephvr\acquisition\coordinator\sessionless_cleanup.py -> build\bdist.win-amd64\wheel\.\cephvr\acquisition\coordinator
copying build\lib.win-amd64-cpython-311\cephvr\acquisition\coordinator\session_catalogue.py -> build\bdist.win-amd64\wheel\.\cephvr\acquisition\coordinator
copying build\lib.win-amd64-cpython-311\cephvr\acquisition\coordinator\session_payloads.py -> build\bdist.win-amd64\wheel\.\cephvr\acquisition\coordinator
copying build\lib.win-amd64-cpython-311\cephvr\acquisition\coordinator\session_preparation.py -> build\bdist.win-amd64\wheel\.\cephvr\acquisition\coordinator
copying build\lib.win-amd64-cpython-311\cephvr\acquisition\coordinator\session_resources.py -> build\bdist.win-amd64\wheel\.\cephvr\acquisition\coordinator
copying build\lib.win-amd64-cpython-311\cephvr\acquisition\coordinator\session_tracking.py -> build\bdist.win-amd64\wheel\.\cephvr\acquisition\coordinator
copying build\lib.win-amd64-cpython-311\cephvr\acquisition\coordinator\session_validation.py -> build\bdist.win-amd64\wheel\.\cephvr\acquisition\coordinator
copying build\lib.win-amd64-cpython-311\cephvr\acquisition\coordinator\shutdown.py -> build\bdist.win-amd64\wheel\.\cephvr\acquisition\coordinator
creating build\bdist.win-amd64\wheel\cephvr\acquisition\coordinator\state
copying build\lib.win-amd64-cpython-311\cephvr\acquisition\coordinator\state\aggregate.py -> build\bdist.win-amd64\wheel\.\cephvr\acquisition\coordinator\state
copying build\lib.win-amd64-cpython-311\cephvr\acquisition\coordinator\state\base.py -> build\bdist.win-amd64\wheel\.\cephvr\acquisition\coordinator\state
copying build\lib.win-amd64-cpython-311\cephvr\acquisition\coordinator\state\sessions.py -> build\bdist.win-amd64\wheel\.\cephvr\acquisition\coordinator\state
copying build\lib.win-amd64-cpython-311\cephvr\acquisition\coordinator\state\workers.py -> build\bdist.win-amd64\wheel\.\cephvr\acquisition\coordinator\state
copying build\lib.win-amd64-cpython-311\cephvr\acquisition\coordinator\state\__init__.py -> build\bdist.win-amd64\wheel\.\cephvr\acquisition\coordinator\state
copying build\lib.win-amd64-cpython-311\cephvr\acquisition\coordinator\trials.py -> build\bdist.win-amd64\wheel\.\cephvr\acquisition\coordinator
copying build\lib.win-amd64-cpython-311\cephvr\acquisition\coordinator\trial_delivery.py -> build\bdist.win-amd64\wheel\.\cephvr\acquisition\coordinator
copying build\lib.win-amd64-cpython-311\cephvr\acquisition\coordinator\trial_helpers.py -> build\bdist.win-amd64\wheel\.\cephvr\acquisition\coordinator
copying build\lib.win-amd64-cpython-311\cephvr\acquisition\coordinator\trial_lifecycle.py -> build\bdist.win-amd64\wheel\.\cephvr\acquisition\coordinator
copying build\lib.win-amd64-cpython-311\cephvr\acquisition\coordinator\trial_preparation.py -> build\bdist.win-amd64\wheel\.\cephvr\acquisition\coordinator
copying build\lib.win-amd64-cpython-311\cephvr\acquisition\coordinator\trial_pulses.py -> build\bdist.win-amd64\wheel\.\cephvr\acquisition\coordinator
copying build\lib.win-amd64-cpython-311\cephvr\acquisition\coordinator\trial_schedule_release.py -> build\bdist.win-amd64\wheel\.\cephvr\acquisition\coordinator
copying build\lib.win-amd64-cpython-311\cephvr\acquisition\coordinator\trial_termination.py -> build\bdist.win-amd64\wheel\.\cephvr\acquisition\coordinator
copying build\lib.win-amd64-cpython-311\cephvr\acquisition\coordinator\trial_validation.py -> build\bdist.win-amd64\wheel\.\cephvr\acquisition\coordinator
copying build\lib.win-amd64-cpython-311\cephvr\acquisition\coordinator\workers.py -> build\bdist.win-amd64\wheel\.\cephvr\acquisition\coordinator
copying build\lib.win-amd64-cpython-311\cephvr\acquisition\coordinator\__init__.py -> build\bdist.win-amd64\wheel\.\cephvr\acquisition\coordinator
copying build\lib.win-amd64-cpython-311\cephvr\acquisition\executables.py -> build\bdist.win-amd64\wheel\.\cephvr\acquisition
copying build\lib.win-amd64-cpython-311\cephvr\acquisition\identity.py -> build\bdist.win-amd64\wheel\.\cephvr\acquisition
copying build\lib.win-amd64-cpython-311\cephvr\acquisition\main.py -> build\bdist.win-amd64\wheel\.\cephvr\acquisition
creating build\bdist.win-amd64\wheel\cephvr\acquisition\microcontroller
copying build\lib.win-amd64-cpython-311\cephvr\acquisition\microcontroller\bridge.py -> build\bdist.win-amd64\wheel\.\cephvr\acquisition\microcontroller
copying build\lib.win-amd64-cpython-311\cephvr\acquisition\microcontroller\channel.py -> build\bdist.win-amd64\wheel\.\cephvr\acquisition\microcontroller
copying build\lib.win-amd64-cpython-311\cephvr\acquisition\microcontroller\lazy_owner.py -> build\bdist.win-amd64\wheel\.\cephvr\acquisition\microcontroller
copying build\lib.win-amd64-cpython-311\cephvr\acquisition\microcontroller\owner.py -> build\bdist.win-amd64\wheel\.\cephvr\acquisition\microcontroller
copying build\lib.win-amd64-cpython-311\cephvr\acquisition\microcontroller\protocol.py -> build\bdist.win-amd64\wheel\.\cephvr\acquisition\microcontroller
copying build\lib.win-amd64-cpython-311\cephvr\acquisition\microcontroller\pulses.py -> build\bdist.win-amd64\wheel\.\cephvr\acquisition\microcontroller
copying build\lib.win-amd64-cpython-311\cephvr\acquisition\microcontroller\serial_port.py -> build\bdist.win-amd64\wheel\.\cephvr\acquisition\microcontroller
copying build\lib.win-amd64-cpython-311\cephvr\acquisition\microcontroller\__init__.py -> build\bdist.win-amd64\wheel\.\cephvr\acquisition\microcontroller
copying build\lib.win-amd64-cpython-311\cephvr\acquisition\ports.py -> build\bdist.win-amd64\wheel\.\cephvr\acquisition
creating build\bdist.win-amd64\wheel\cephvr\acquisition\recording
copying build\lib.win-amd64-cpython-311\cephvr\acquisition\recording\capabilities.py -> build\bdist.win-amd64\wheel\.\cephvr\acquisition\recording
copying build\lib.win-amd64-cpython-311\cephvr\acquisition\recording\encoder.py -> build\bdist.win-amd64\wheel\.\cephvr\acquisition\recording
copying build\lib.win-amd64-cpython-311\cephvr\acquisition\recording\encoder_errors.py -> build\bdist.win-amd64\wheel\.\cephvr\acquisition\recording
copying build\lib.win-amd64-cpython-311\cephvr\acquisition\recording\encoder_probe.py -> build\bdist.win-amd64\wheel\.\cephvr\acquisition\recording
copying build\lib.win-amd64-cpython-311\cephvr\acquisition\recording\encoder_process.py -> build\bdist.win-amd64\wheel\.\cephvr\acquisition\recording
copying build\lib.win-amd64-cpython-311\cephvr\acquisition\recording\encoding.py -> build\bdist.win-amd64\wheel\.\cephvr\acquisition\recording
copying build\lib.win-amd64-cpython-311\cephvr\acquisition\recording\encoding_rules.py -> build\bdist.win-amd64\wheel\.\cephvr\acquisition\recording
copying build\lib.win-amd64-cpython-311\cephvr\acquisition\recording\encoding_types.py -> build\bdist.win-amd64\wheel\.\cephvr\acquisition\recording
copying build\lib.win-amd64-cpython-311\cephvr\acquisition\recording\encoding_validation.py -> build\bdist.win-amd64\wheel\.\cephvr\acquisition\recording
copying build\lib.win-amd64-cpython-311\cephvr\acquisition\recording\filters.py -> build\bdist.win-amd64\wheel\.\cephvr\acquisition\recording
copying build\lib.win-amd64-cpython-311\cephvr\acquisition\recording\filter_expressions.py -> build\bdist.win-amd64\wheel\.\cephvr\acquisition\recording
copying build\lib.win-amd64-cpython-311\cephvr\acquisition\recording\filter_syntax.py -> build\bdist.win-amd64\wheel\.\cephvr\acquisition\recording
copying build\lib.win-amd64-cpython-311\cephvr\acquisition\recording\frame_log.py -> build\bdist.win-amd64\wheel\.\cephvr\acquisition\recording
copying build\lib.win-amd64-cpython-311\cephvr\acquisition\recording\identity.py -> build\bdist.win-amd64\wheel\.\cephvr\acquisition\recording
copying build\lib.win-amd64-cpython-311\cephvr\acquisition\recording\negotiation.py -> build\bdist.win-amd64\wheel\.\cephvr\acquisition\recording
copying build\lib.win-amd64-cpython-311\cephvr\acquisition\recording\paths.py -> build\bdist.win-amd64\wheel\.\cephvr\acquisition\recording
copying build\lib.win-amd64-cpython-311\cephvr\acquisition\recording\pixel_formats.py -> build\bdist.win-amd64\wheel\.\cephvr\acquisition\recording
copying build\lib.win-amd64-cpython-311\cephvr\acquisition\recording\progress_watchdog.py -> build\bdist.win-amd64\wheel\.\cephvr\acquisition\recording
copying build\lib.win-amd64-cpython-311\cephvr\acquisition\recording\session.py -> build\bdist.win-amd64\wheel\.\cephvr\acquisition\recording
copying build\lib.win-amd64-cpython-311\cephvr\acquisition\recording\session_cleanup.py -> build\bdist.win-amd64\wheel\.\cephvr\acquisition\recording
copying build\lib.win-amd64-cpython-311\cephvr\acquisition\recording\session_completion.py -> build\bdist.win-amd64\wheel\.\cephvr\acquisition\recording
copying build\lib.win-amd64-cpython-311\cephvr\acquisition\recording\session_contracts.py -> build\bdist.win-amd64\wheel\.\cephvr\acquisition\recording
copying build\lib.win-amd64-cpython-311\cephvr\acquisition\recording\session_diagnostics.py -> build\bdist.win-amd64\wheel\.\cephvr\acquisition\recording
copying build\lib.win-amd64-cpython-311\cephvr\acquisition\recording\session_finalizer.py -> build\bdist.win-amd64\wheel\.\cephvr\acquisition\recording
copying build\lib.win-amd64-cpython-311\cephvr\acquisition\recording\session_outputs.py -> build\bdist.win-amd64\wheel\.\cephvr\acquisition\recording
copying build\lib.win-amd64-cpython-311\cephvr\acquisition\recording\session_prepare.py -> build\bdist.win-amd64\wheel\.\cephvr\acquisition\recording
copying build\lib.win-amd64-cpython-311\cephvr\acquisition\recording\session_pump.py -> build\bdist.win-amd64\wheel\.\cephvr\acquisition\recording
copying build\lib.win-amd64-cpython-311\cephvr\acquisition\recording\session_schedule.py -> build\bdist.win-amd64\wheel\.\cephvr\acquisition\recording
copying build\lib.win-amd64-cpython-311\cephvr\acquisition\recording\session_storage.py -> build\bdist.win-amd64\wheel\.\cephvr\acquisition\recording
copying build\lib.win-amd64-cpython-311\cephvr\acquisition\recording\__init__.py -> build\bdist.win-amd64\wheel\.\cephvr\acquisition\recording
copying build\lib.win-amd64-cpython-311\cephvr\acquisition\recording_schema.py -> build\bdist.win-amd64\wheel\.\cephvr\acquisition
copying build\lib.win-amd64-cpython-311\cephvr\acquisition\runtime.py -> build\bdist.win-amd64\wheel\.\cephvr\acquisition
copying build\lib.win-amd64-cpython-311\cephvr\acquisition\startup.py -> build\bdist.win-amd64\wheel\.\cephvr\acquisition
copying build\lib.win-amd64-cpython-311\cephvr\acquisition\state.py -> build\bdist.win-amd64\wheel\.\cephvr\acquisition
creating build\bdist.win-amd64\wheel\cephvr\acquisition\transport
copying build\lib.win-amd64-cpython-311\cephvr\acquisition\transport\admission.py -> build\bdist.win-amd64\wheel\.\cephvr\acquisition\transport
copying build\lib.win-amd64-cpython-311\cephvr\acquisition\transport\grpc_ports.py -> build\bdist.win-amd64\wheel\.\cephvr\acquisition\transport
copying build\lib.win-amd64-cpython-311\cephvr\acquisition\transport\server.py -> build\bdist.win-amd64\wheel\.\cephvr\acquisition\transport
copying build\lib.win-amd64-cpython-311\cephvr\acquisition\transport\services.py -> build\bdist.win-amd64\wheel\.\cephvr\acquisition\transport
copying build\lib.win-amd64-cpython-311\cephvr\acquisition\transport\__init__.py -> build\bdist.win-amd64\wheel\.\cephvr\acquisition\transport
creating build\bdist.win-amd64\wheel\cephvr\acquisition\v1
copying build\lib.win-amd64-cpython-311\cephvr\acquisition\v1\camera_pb2.py -> build\bdist.win-amd64\wheel\.\cephvr\acquisition\v1
copying build\lib.win-amd64-cpython-311\cephvr\acquisition\v1\camera_pb2.pyi -> build\bdist.win-amd64\wheel\.\cephvr\acquisition\v1
copying build\lib.win-amd64-cpython-311\cephvr\acquisition\v1\camera_pb2_grpc.py -> build\bdist.win-amd64\wheel\.\cephvr\acquisition\v1
copying build\lib.win-amd64-cpython-311\cephvr\acquisition\v1\messages_pb2.py -> build\bdist.win-amd64\wheel\.\cephvr\acquisition\v1
copying build\lib.win-amd64-cpython-311\cephvr\acquisition\v1\messages_pb2.pyi -> build\bdist.win-amd64\wheel\.\cephvr\acquisition\v1
copying build\lib.win-amd64-cpython-311\cephvr\acquisition\v1\messages_pb2_grpc.py -> build\bdist.win-amd64\wheel\.\cephvr\acquisition\v1
copying build\lib.win-amd64-cpython-311\cephvr\acquisition\v1\microcontroller_pb2.py -> build\bdist.win-amd64\wheel\.\cephvr\acquisition\v1
copying build\lib.win-amd64-cpython-311\cephvr\acquisition\v1\microcontroller_pb2.pyi -> build\bdist.win-amd64\wheel\.\cephvr\acquisition\v1
copying build\lib.win-amd64-cpython-311\cephvr\acquisition\v1\microcontroller_pb2_grpc.py -> build\bdist.win-amd64\wheel\.\cephvr\acquisition\v1
copying build\lib.win-amd64-cpython-311\cephvr\acquisition\v1\runtime_pb2.py -> build\bdist.win-amd64\wheel\.\cephvr\acquisition\v1
copying build\lib.win-amd64-cpython-311\cephvr\acquisition\v1\runtime_pb2.pyi -> build\bdist.win-amd64\wheel\.\cephvr\acquisition\v1
copying build\lib.win-amd64-cpython-311\cephvr\acquisition\v1\runtime_pb2_grpc.py -> build\bdist.win-amd64\wheel\.\cephvr\acquisition\v1
copying build\lib.win-amd64-cpython-311\cephvr\acquisition\v1\services_pb2.py -> build\bdist.win-amd64\wheel\.\cephvr\acquisition\v1
copying build\lib.win-amd64-cpython-311\cephvr\acquisition\v1\services_pb2.pyi -> build\bdist.win-amd64\wheel\.\cephvr\acquisition\v1
copying build\lib.win-amd64-cpython-311\cephvr\acquisition\v1\services_pb2_grpc.py -> build\bdist.win-amd64\wheel\.\cephvr\acquisition\v1
copying build\lib.win-amd64-cpython-311\cephvr\acquisition\v1\__init__.py -> build\bdist.win-amd64\wheel\.\cephvr\acquisition\v1
creating build\bdist.win-amd64\wheel\cephvr\acquisition\worker
copying build\lib.win-amd64-cpython-311\cephvr\acquisition\worker\bootstrap.py -> build\bdist.win-amd64\wheel\.\cephvr\acquisition\worker
copying build\lib.win-amd64-cpython-311\cephvr\acquisition\worker\camera_configuration.py -> build\bdist.win-amd64\wheel\.\cephvr\acquisition\worker
copying build\lib.win-amd64-cpython-311\cephvr\acquisition\worker\camera_resolution.py -> build\bdist.win-amd64\wheel\.\cephvr\acquisition\worker
copying build\lib.win-amd64-cpython-311\cephvr\acquisition\worker\capture.py -> build\bdist.win-amd64\wheel\.\cephvr\acquisition\worker
copying build\lib.win-amd64-cpython-311\cephvr\acquisition\worker\capture_runtime.py -> build\bdist.win-amd64\wheel\.\cephvr\acquisition\worker
copying build\lib.win-amd64-cpython-311\cephvr\acquisition\worker\cleanup_lifecycle.py -> build\bdist.win-amd64\wheel\.\cephvr\acquisition\worker
copying build\lib.win-amd64-cpython-311\cephvr\acquisition\worker\execution.py -> build\bdist.win-amd64\wheel\.\cephvr\acquisition\worker
copying build\lib.win-amd64-cpython-311\cephvr\acquisition\worker\frame_diagnostics.py -> build\bdist.win-amd64\wheel\.\cephvr\acquisition\worker
copying build\lib.win-amd64-cpython-311\cephvr\acquisition\worker\function_scopes.py -> build\bdist.win-amd64\wheel\.\cephvr\acquisition\worker
copying build\lib.win-amd64-cpython-311\cephvr\acquisition\worker\health.py -> build\bdist.win-amd64\wheel\.\cephvr\acquisition\worker
copying build\lib.win-amd64-cpython-311\cephvr\acquisition\worker\limits.py -> build\bdist.win-amd64\wheel\.\cephvr\acquisition\worker
copying build\lib.win-amd64-cpython-311\cephvr\acquisition\worker\main.py -> build\bdist.win-amd64\wheel\.\cephvr\acquisition\worker
copying build\lib.win-amd64-cpython-311\cephvr\acquisition\worker\owner.py -> build\bdist.win-amd64\wheel\.\cephvr\acquisition\worker
copying build\lib.win-amd64-cpython-311\cephvr\acquisition\worker\ports.py -> build\bdist.win-amd64\wheel\.\cephvr\acquisition\worker
copying build\lib.win-amd64-cpython-311\cephvr\acquisition\worker\preview_lifecycle.py -> build\bdist.win-amd64\wheel\.\cephvr\acquisition\worker
copying build\lib.win-amd64-cpython-311\cephvr\acquisition\worker\pulse_evidence.py -> build\bdist.win-amd64\wheel\.\cephvr\acquisition\worker
copying build\lib.win-amd64-cpython-311\cephvr\acquisition\worker\recording_fault.py -> build\bdist.win-amd64\wheel\.\cephvr\acquisition\worker
copying build\lib.win-amd64-cpython-311\cephvr\acquisition\worker\recording_handoff.py -> build\bdist.win-amd64\wheel\.\cephvr\acquisition\worker
copying build\lib.win-amd64-cpython-311\cephvr\acquisition\worker\recording_ports.py -> build\bdist.win-amd64\wheel\.\cephvr\acquisition\worker
copying build\lib.win-amd64-cpython-311\cephvr\acquisition\worker\recording_preparation.py -> build\bdist.win-amd64\wheel\.\cephvr\acquisition\worker
copying build\lib.win-amd64-cpython-311\cephvr\acquisition\worker\recording_runtime.py -> build\bdist.win-amd64\wheel\.\cephvr\acquisition\worker
copying build\lib.win-amd64-cpython-311\cephvr\acquisition\worker\recording_thread.py -> build\bdist.win-amd64\wheel\.\cephvr\acquisition\worker
copying build\lib.win-amd64-cpython-311\cephvr\acquisition\worker\registration.py -> build\bdist.win-amd64\wheel\.\cephvr\acquisition\worker
copying build\lib.win-amd64-cpython-311\cephvr\acquisition\worker\reports.py -> build\bdist.win-amd64\wheel\.\cephvr\acquisition\worker
copying build\lib.win-amd64-cpython-311\cephvr\acquisition\worker\report_dispatch.py -> build\bdist.win-amd64\wheel\.\cephvr\acquisition\worker
copying build\lib.win-amd64-cpython-311\cephvr\acquisition\worker\server.py -> build\bdist.win-amd64\wheel\.\cephvr\acquisition\worker
copying build\lib.win-amd64-cpython-311\cephvr\acquisition\worker\service.py -> build\bdist.win-amd64\wheel\.\cephvr\acquisition\worker
copying build\lib.win-amd64-cpython-311\cephvr\acquisition\worker\state.py -> build\bdist.win-amd64\wheel\.\cephvr\acquisition\worker
copying build\lib.win-amd64-cpython-311\cephvr\acquisition\worker\terminal_scope.py -> build\bdist.win-amd64\wheel\.\cephvr\acquisition\worker
copying build\lib.win-amd64-cpython-311\cephvr\acquisition\worker\transport_summary.py -> build\bdist.win-amd64\wheel\.\cephvr\acquisition\worker
copying build\lib.win-amd64-cpython-311\cephvr\acquisition\worker\trial_activity.py -> build\bdist.win-amd64\wheel\.\cephvr\acquisition\worker
copying build\lib.win-amd64-cpython-311\cephvr\acquisition\worker\trial_lifecycle.py -> build\bdist.win-amd64\wheel\.\cephvr\acquisition\worker
copying build\lib.win-amd64-cpython-311\cephvr\acquisition\worker\trial_recording_terminal.py -> build\bdist.win-amd64\wheel\.\cephvr\acquisition\worker
copying build\lib.win-amd64-cpython-311\cephvr\acquisition\worker\trial_state.py -> build\bdist.win-amd64\wheel\.\cephvr\acquisition\worker
copying build\lib.win-amd64-cpython-311\cephvr\acquisition\worker\trial_stop.py -> build\bdist.win-amd64\wheel\.\cephvr\acquisition\worker
copying build\lib.win-amd64-cpython-311\cephvr\acquisition\worker\warnings.py -> build\bdist.win-amd64\wheel\.\cephvr\acquisition\worker
copying build\lib.win-amd64-cpython-311\cephvr\acquisition\worker\__init__.py -> build\bdist.win-amd64\wheel\.\cephvr\acquisition\worker
copying build\lib.win-amd64-cpython-311\cephvr\acquisition\worker_launcher.py -> build\bdist.win-amd64\wheel\.\cephvr\acquisition
copying build\lib.win-amd64-cpython-311\cephvr\acquisition\__init__.py -> build\bdist.win-amd64\wheel\.\cephvr\acquisition
creating build\bdist.win-amd64\wheel\cephvr\client
copying build\lib.win-amd64-cpython-311\cephvr\client\main.py -> build\bdist.win-amd64\wheel\.\cephvr\client
copying build\lib.win-amd64-cpython-311\cephvr\client\session.py -> build\bdist.win-amd64\wheel\.\cephvr\client
copying build\lib.win-amd64-cpython-311\cephvr\client\__init__.py -> build\bdist.win-amd64\wheel\.\cephvr\client
copying build\lib.win-amd64-cpython-311\cephvr\client\__main__.py -> build\bdist.win-amd64\wheel\.\cephvr\client
creating build\bdist.win-amd64\wheel\cephvr\control
creating build\bdist.win-amd64\wheel\cephvr\control\v1
copying build\lib.win-amd64-cpython-311\cephvr\control\v1\native_transport_pb2.py -> build\bdist.win-amd64\wheel\.\cephvr\control\v1
copying build\lib.win-amd64-cpython-311\cephvr\control\v1\native_transport_pb2.pyi -> build\bdist.win-amd64\wheel\.\cephvr\control\v1
copying build\lib.win-amd64-cpython-311\cephvr\control\v1\native_transport_pb2_grpc.py -> build\bdist.win-amd64\wheel\.\cephvr\control\v1
copying build\lib.win-amd64-cpython-311\cephvr\control\v1\services_pb2.py -> build\bdist.win-amd64\wheel\.\cephvr\control\v1
copying build\lib.win-amd64-cpython-311\cephvr\control\v1\services_pb2.pyi -> build\bdist.win-amd64\wheel\.\cephvr\control\v1
copying build\lib.win-amd64-cpython-311\cephvr\control\v1\services_pb2_grpc.py -> build\bdist.win-amd64\wheel\.\cephvr\control\v1
copying build\lib.win-amd64-cpython-311\cephvr\control\v1\types_pb2.py -> build\bdist.win-amd64\wheel\.\cephvr\control\v1
copying build\lib.win-amd64-cpython-311\cephvr\control\v1\types_pb2.pyi -> build\bdist.win-amd64\wheel\.\cephvr\control\v1
copying build\lib.win-amd64-cpython-311\cephvr\control\v1\types_pb2_grpc.py -> build\bdist.win-amd64\wheel\.\cephvr\control\v1
copying build\lib.win-amd64-cpython-311\cephvr\control\v1\__init__.py -> build\bdist.win-amd64\wheel\.\cephvr\control\v1
copying build\lib.win-amd64-cpython-311\cephvr\control\__init__.py -> build\bdist.win-amd64\wheel\.\cephvr\control
creating build\bdist.win-amd64\wheel\cephvr\controller
copying build\lib.win-amd64-cpython-311\cephvr\controller\assembly.py -> build\bdist.win-amd64\wheel\.\cephvr\controller
copying build\lib.win-amd64-cpython-311\cephvr\controller\authority.py -> build\bdist.win-amd64\wheel\.\cephvr\controller
copying build\lib.win-amd64-cpython-311\cephvr\controller\backend.py -> build\bdist.win-amd64\wheel\.\cephvr\controller
copying build\lib.win-amd64-cpython-311\cephvr\controller\configuration.py -> build\bdist.win-amd64\wheel\.\cephvr\controller
copying build\lib.win-amd64-cpython-311\cephvr\controller\configuration_files.py -> build\bdist.win-amd64\wheel\.\cephvr\controller
creating build\bdist.win-amd64\wheel\cephvr\controller\control
copying build\lib.win-amd64-cpython-311\cephvr\controller\control\configuration.py -> build\bdist.win-amd64\wheel\.\cephvr\controller\control
copying build\lib.win-amd64-cpython-311\cephvr\controller\control\leases.py -> build\bdist.win-amd64\wheel\.\cephvr\controller\control
copying build\lib.win-amd64-cpython-311\cephvr\controller\control\operations.py -> build\bdist.win-amd64\wheel\.\cephvr\controller\control
copying build\lib.win-amd64-cpython-311\cephvr\controller\control\prompts.py -> build\bdist.win-amd64\wheel\.\cephvr\controller\control
copying build\lib.win-amd64-cpython-311\cephvr\controller\control\snapshots.py -> build\bdist.win-amd64\wheel\.\cephvr\controller\control
copying build\lib.win-amd64-cpython-311\cephvr\controller\control\__init__.py -> build\bdist.win-amd64\wheel\.\cephvr\controller\control
creating build\bdist.win-amd64\wheel\cephvr\controller\device
copying build\lib.win-amd64-cpython-311\cephvr\controller\device\camera.py -> build\bdist.win-amd64\wheel\.\cephvr\controller\device
copying build\lib.win-amd64-cpython-311\cephvr\controller\device\display.py -> build\bdist.win-amd64\wheel\.\cephvr\controller\device
copying build\lib.win-amd64-cpython-311\cephvr\controller\device\owner_cleanup.py -> build\bdist.win-amd64\wheel\.\cephvr\controller\device
copying build\lib.win-amd64-cpython-311\cephvr\controller\device\ports.py -> build\bdist.win-amd64\wheel\.\cephvr\controller\device
copying build\lib.win-amd64-cpython-311\cephvr\controller\device\preview.py -> build\bdist.win-amd64\wheel\.\cephvr\controller\device
copying build\lib.win-amd64-cpython-311\cephvr\controller\device\readback.py -> build\bdist.win-amd64\wheel\.\cephvr\controller\device
copying build\lib.win-amd64-cpython-311\cephvr\controller\device\release_evidence.py -> build\bdist.win-amd64\wheel\.\cephvr\controller\device
copying build\lib.win-amd64-cpython-311\cephvr\controller\device\status_retention.py -> build\bdist.win-amd64\wheel\.\cephvr\controller\device
copying build\lib.win-amd64-cpython-311\cephvr\controller\device\views.py -> build\bdist.win-amd64\wheel\.\cephvr\controller\device
copying build\lib.win-amd64-cpython-311\cephvr\controller\device\__init__.py -> build\bdist.win-amd64\wheel\.\cephvr\controller\device
copying build\lib.win-amd64-cpython-311\cephvr\controller\evidence.py -> build\bdist.win-amd64\wheel\.\cephvr\controller
creating build\bdist.win-amd64\wheel\cephvr\controller\incident
copying build\lib.win-amd64-cpython-311\cephvr\controller\incident\coordination.py -> build\bdist.win-amd64\wheel\.\cephvr\controller\incident
copying build\lib.win-amd64-cpython-311\cephvr\controller\incident\registry.py -> build\bdist.win-amd64\wheel\.\cephvr\controller\incident
copying build\lib.win-amd64-cpython-311\cephvr\controller\incident\scope.py -> build\bdist.win-amd64\wheel\.\cephvr\controller\incident
copying build\lib.win-amd64-cpython-311\cephvr\controller\incident\__init__.py -> build\bdist.win-amd64\wheel\.\cephvr\controller\incident
creating build\bdist.win-amd64\wheel\cephvr\controller\lifecycle
copying build\lib.win-amd64-cpython-311\cephvr\controller\lifecycle\acquisition_resolution.py -> build\bdist.win-amd64\wheel\.\cephvr\controller\lifecycle
copying build\lib.win-amd64-cpython-311\cephvr\controller\lifecycle\activity.py -> build\bdist.win-amd64\wheel\.\cephvr\controller\lifecycle
copying build\lib.win-amd64-cpython-311\cephvr\controller\lifecycle\cleanup.py -> build\bdist.win-amd64\wheel\.\cephvr\controller\lifecycle
copying build\lib.win-amd64-cpython-311\cephvr\controller\lifecycle\commands.py -> build\bdist.win-amd64\wheel\.\cephvr\controller\lifecycle
copying build\lib.win-amd64-cpython-311\cephvr\controller\lifecycle\evidence_wait.py -> build\bdist.win-amd64\wheel\.\cephvr\controller\lifecycle
copying build\lib.win-amd64-cpython-311\cephvr\controller\lifecycle\handoffs.py -> build\bdist.win-amd64\wheel\.\cephvr\controller\lifecycle
copying build\lib.win-amd64-cpython-311\cephvr\controller\lifecycle\interruption.py -> build\bdist.win-amd64\wheel\.\cephvr\controller\lifecycle
copying build\lib.win-amd64-cpython-311\cephvr\controller\lifecycle\preparation_context.py -> build\bdist.win-amd64\wheel\.\cephvr\controller\lifecycle
copying build\lib.win-amd64-cpython-311\cephvr\controller\lifecycle\setup_admission.py -> build\bdist.win-amd64\wheel\.\cephvr\controller\lifecycle
copying build\lib.win-amd64-cpython-311\cephvr\controller\lifecycle\setup_execution.py -> build\bdist.win-amd64\wheel\.\cephvr\controller\lifecycle
copying build\lib.win-amd64-cpython-311\cephvr\controller\lifecycle\setup_resolution.py -> build\bdist.win-amd64\wheel\.\cephvr\controller\lifecycle
copying build\lib.win-amd64-cpython-311\cephvr\controller\lifecycle\start.py -> build\bdist.win-amd64\wheel\.\cephvr\controller\lifecycle
copying build\lib.win-amd64-cpython-311\cephvr\controller\lifecycle\trials.py -> build\bdist.win-amd64\wheel\.\cephvr\controller\lifecycle
copying build\lib.win-amd64-cpython-311\cephvr\controller\lifecycle\__init__.py -> build\bdist.win-amd64\wheel\.\cephvr\controller\lifecycle
copying build\lib.win-amd64-cpython-311\cephvr\controller\lifecycle_completion.py -> build\bdist.win-amd64\wheel\.\cephvr\controller
copying build\lib.win-amd64-cpython-311\cephvr\controller\lifecycle_reports.py -> build\bdist.win-amd64\wheel\.\cephvr\controller
copying build\lib.win-amd64-cpython-311\cephvr\controller\main.py -> build\bdist.win-amd64\wheel\.\cephvr\controller
creating build\bdist.win-amd64\wheel\cephvr\controller\metadata
copying build\lib.win-amd64-cpython-311\cephvr\controller\metadata\coordination.py -> build\bdist.win-amd64\wheel\.\cephvr\controller\metadata
copying build\lib.win-amd64-cpython-311\cephvr\controller\metadata\documents.py -> build\bdist.win-amd64\wheel\.\cephvr\controller\metadata
copying build\lib.win-amd64-cpython-311\cephvr\controller\metadata\files.py -> build\bdist.win-amd64\wheel\.\cephvr\controller\metadata
copying build\lib.win-amd64-cpython-311\cephvr\controller\metadata\reservation.py -> build\bdist.win-amd64\wheel\.\cephvr\controller\metadata
copying build\lib.win-amd64-cpython-311\cephvr\controller\metadata\trial_logs.py -> build\bdist.win-amd64\wheel\.\cephvr\controller\metadata
copying build\lib.win-amd64-cpython-311\cephvr\controller\metadata\types.py -> build\bdist.win-amd64\wheel\.\cephvr\controller\metadata
copying build\lib.win-amd64-cpython-311\cephvr\controller\metadata\writer.py -> build\bdist.win-amd64\wheel\.\cephvr\controller\metadata
copying build\lib.win-amd64-cpython-311\cephvr\controller\metadata\__init__.py -> build\bdist.win-amd64\wheel\.\cephvr\controller\metadata
copying build\lib.win-amd64-cpython-311\cephvr\controller\planning.py -> build\bdist.win-amd64\wheel\.\cephvr\controller
copying build\lib.win-amd64-cpython-311\cephvr\controller\ports.py -> build\bdist.win-amd64\wheel\.\cephvr\controller
copying build\lib.win-amd64-cpython-311\cephvr\controller\preparation.py -> build\bdist.win-amd64\wheel\.\cephvr\controller
copying build\lib.win-amd64-cpython-311\cephvr\controller\projections.py -> build\bdist.win-amd64\wheel\.\cephvr\controller
copying build\lib.win-amd64-cpython-311\cephvr\controller\receipts.py -> build\bdist.win-amd64\wheel\.\cephvr\controller
copying build\lib.win-amd64-cpython-311\cephvr\controller\recovery.py -> build\bdist.win-amd64\wheel\.\cephvr\controller
copying build\lib.win-amd64-cpython-311\cephvr\controller\recovery_inspection.py -> build\bdist.win-amd64\wheel\.\cephvr\controller
copying build\lib.win-amd64-cpython-311\cephvr\controller\resolution.py -> build\bdist.win-amd64\wheel\.\cephvr\controller
copying build\lib.win-amd64-cpython-311\cephvr\controller\runtime.py -> build\bdist.win-amd64\wheel\.\cephvr\controller
copying build\lib.win-amd64-cpython-311\cephvr\controller\service.py -> build\bdist.win-amd64\wheel\.\cephvr\controller
creating build\bdist.win-amd64\wheel\cephvr\controller\startup
copying build\lib.win-amd64-cpython-311\cephvr\controller\startup\application.py -> build\bdist.win-amd64\wheel\.\cephvr\controller\startup
copying build\lib.win-amd64-cpython-311\cephvr\controller\startup\bootstrap.py -> build\bdist.win-amd64\wheel\.\cephvr\controller\startup
copying build\lib.win-amd64-cpython-311\cephvr\controller\startup\monitor.py -> build\bdist.win-amd64\wheel\.\cephvr\controller\startup
copying build\lib.win-amd64-cpython-311\cephvr\controller\startup\providers.py -> build\bdist.win-amd64\wheel\.\cephvr\controller\startup
copying build\lib.win-amd64-cpython-311\cephvr\controller\startup\recovery.py -> build\bdist.win-amd64\wheel\.\cephvr\controller\startup
copying build\lib.win-amd64-cpython-311\cephvr\controller\startup\__init__.py -> build\bdist.win-amd64\wheel\.\cephvr\controller\startup
copying build\lib.win-amd64-cpython-311\cephvr\controller\state.py -> build\bdist.win-amd64\wheel\.\cephvr\controller
copying build\lib.win-amd64-cpython-311\cephvr\controller\supervision.py -> build\bdist.win-amd64\wheel\.\cephvr\controller
creating build\bdist.win-amd64\wheel\cephvr\controller\transport
copying build\lib.win-amd64-cpython-311\cephvr\controller\transport\admission.py -> build\bdist.win-amd64\wheel\.\cephvr\controller\transport
copying build\lib.win-amd64-cpython-311\cephvr\controller\transport\auth.py -> build\bdist.win-amd64\wheel\.\cephvr\controller\transport
copying build\lib.win-amd64-cpython-311\cephvr\controller\transport\ingress.py -> build\bdist.win-amd64\wheel\.\cephvr\controller\transport
copying build\lib.win-amd64-cpython-311\cephvr\controller\transport\__init__.py -> build\bdist.win-amd64\wheel\.\cephvr\controller\transport
copying build\lib.win-amd64-cpython-311\cephvr\controller\__init__.py -> build\bdist.win-amd64\wheel\.\cephvr\controller
creating build\bdist.win-amd64\wheel\cephvr\launcher
copying build\lib.win-amd64-cpython-311\cephvr\launcher\decisions.py -> build\bdist.win-amd64\wheel\.\cephvr\launcher
copying build\lib.win-amd64-cpython-311\cephvr\launcher\main.py -> build\bdist.win-amd64\wheel\.\cephvr\launcher
copying build\lib.win-amd64-cpython-311\cephvr\launcher\__init__.py -> build\bdist.win-amd64\wheel\.\cephvr\launcher
creating build\bdist.win-amd64\wheel\cephvr\platform
creating build\bdist.win-amd64\wheel\cephvr\platform\windows
copying build\lib.win-amd64-cpython-311\cephvr\platform\windows\atomics.py -> build\bdist.win-amd64\wheel\.\cephvr\platform\windows
copying build\lib.win-amd64-cpython-311\cephvr\platform\windows\bootstrap.py -> build\bdist.win-amd64\wheel\.\cephvr\platform\windows
copying build\lib.win-amd64-cpython-311\cephvr\platform\windows\byte_stream.py -> build\bdist.win-amd64\wheel\.\cephvr\platform\windows
copying build\lib.win-amd64-cpython-311\cephvr\platform\windows\byte_stream_factory.py -> build\bdist.win-amd64\wheel\.\cephvr\platform\windows
copying build\lib.win-amd64-cpython-311\cephvr\platform\windows\byte_stream_native.py -> build\bdist.win-amd64\wheel\.\cephvr\platform\windows
copying build\lib.win-amd64-cpython-311\cephvr\platform\windows\cephvr_atomics.dll -> build\bdist.win-amd64\wheel\.\cephvr\platform\windows
copying build\lib.win-amd64-cpython-311\cephvr\platform\windows\display_identity.py -> build\bdist.win-amd64\wheel\.\cephvr\platform\windows
copying build\lib.win-amd64-cpython-311\cephvr\platform\windows\durable.py -> build\bdist.win-amd64\wheel\.\cephvr\platform\windows
copying build\lib.win-amd64-cpython-311\cephvr\platform\windows\encoder_process.py -> build\bdist.win-amd64\wheel\.\cephvr\platform\windows
copying build\lib.win-amd64-cpython-311\cephvr\platform\windows\events.py -> build\bdist.win-amd64\wheel\.\cephvr\platform\windows
copying build\lib.win-amd64-cpython-311\cephvr\platform\windows\file_sync.py -> build\bdist.win-amd64\wheel\.\cephvr\platform\windows
copying build\lib.win-amd64-cpython-311\cephvr\platform\windows\guard.py -> build\bdist.win-amd64\wheel\.\cephvr\platform\windows
copying build\lib.win-amd64-cpython-311\cephvr\platform\windows\jobs.py -> build\bdist.win-amd64\wheel\.\cephvr\platform\windows
copying build\lib.win-amd64-cpython-311\cephvr\platform\windows\mappings.py -> build\bdist.win-amd64\wheel\.\cephvr\platform\windows
copying build\lib.win-amd64-cpython-311\cephvr\platform\windows\message_pipe.py -> build\bdist.win-amd64\wheel\.\cephvr\platform\windows
copying build\lib.win-amd64-cpython-311\cephvr\platform\windows\message_server.py -> build\bdist.win-amd64\wheel\.\cephvr\platform\windows
copying build\lib.win-amd64-cpython-311\cephvr\platform\windows\nvenc_api.py -> build\bdist.win-amd64\wheel\.\cephvr\platform\windows
copying build\lib.win-amd64-cpython-311\cephvr\platform\windows\nvenc_capabilities.py -> build\bdist.win-amd64\wheel\.\cephvr\platform\windows
copying build\lib.win-amd64-cpython-311\cephvr\platform\windows\nvenc_features.py -> build\bdist.win-amd64\wheel\.\cephvr\platform\windows
copying build\lib.win-amd64-cpython-311\cephvr\platform\windows\nvidia_device.py -> build\bdist.win-amd64\wheel\.\cephvr\platform\windows
copying build\lib.win-amd64-cpython-311\cephvr\platform\windows\resource_ledger.py -> build\bdist.win-amd64\wheel\.\cephvr\platform\windows
copying build\lib.win-amd64-cpython-311\cephvr\platform\windows\security.py -> build\bdist.win-amd64\wheel\.\cephvr\platform\windows
copying build\lib.win-amd64-cpython-311\cephvr\platform\windows\__init__.py -> build\bdist.win-amd64\wheel\.\cephvr\platform\windows
copying build\lib.win-amd64-cpython-311\cephvr\platform\__init__.py -> build\bdist.win-amd64\wheel\.\cephvr\platform
creating build\bdist.win-amd64\wheel\cephvr\shared
copying build\lib.win-amd64-cpython-311\cephvr\shared\admission.py -> build\bdist.win-amd64\wheel\.\cephvr\shared
copying build\lib.win-amd64-cpython-311\cephvr\shared\auth.py -> build\bdist.win-amd64\wheel\.\cephvr\shared
copying build\lib.win-amd64-cpython-311\cephvr\shared\backend_bootstrap.py -> build\bdist.win-amd64\wheel\.\cephvr\shared
copying build\lib.win-amd64-cpython-311\cephvr\shared\cleanup_outputs.py -> build\bdist.win-amd64\wheel\.\cephvr\shared
copying build\lib.win-amd64-cpython-311\cephvr\shared\clock.py -> build\bdist.win-amd64\wheel\.\cephvr\shared
copying build\lib.win-amd64-cpython-311\cephvr\shared\commands.py -> build\bdist.win-amd64\wheel\.\cephvr\shared
copying build\lib.win-amd64-cpython-311\cephvr\shared\config.py -> build\bdist.win-amd64\wheel\.\cephvr\shared
copying build\lib.win-amd64-cpython-311\cephvr\shared\credentials.py -> build\bdist.win-amd64\wheel\.\cephvr\shared
copying build\lib.win-amd64-cpython-311\cephvr\shared\deadlines.py -> build\bdist.win-amd64\wheel\.\cephvr\shared
copying build\lib.win-amd64-cpython-311\cephvr\shared\emergency.py -> build\bdist.win-amd64\wheel\.\cephvr\shared
copying build\lib.win-amd64-cpython-311\cephvr\shared\encoder_errors.py -> build\bdist.win-amd64\wheel\.\cephvr\shared
copying build\lib.win-amd64-cpython-311\cephvr\shared\encoder_io.py -> build\bdist.win-amd64\wheel\.\cephvr\shared
copying build\lib.win-amd64-cpython-311\cephvr\shared\encoder_probe.py -> build\bdist.win-amd64\wheel\.\cephvr\shared
copying build\lib.win-amd64-cpython-311\cephvr\shared\ffmpeg_arguments.py -> build\bdist.win-amd64\wheel\.\cephvr\shared
copying build\lib.win-amd64-cpython-311\cephvr\shared\ffmpeg_capabilities.py -> build\bdist.win-amd64\wheel\.\cephvr\shared
copying build\lib.win-amd64-cpython-311\cephvr\shared\ffmpeg_encoding_rules.py -> build\bdist.win-amd64\wheel\.\cephvr\shared
copying build\lib.win-amd64-cpython-311\cephvr\shared\ffmpeg_filters.py -> build\bdist.win-amd64\wheel\.\cephvr\shared
copying build\lib.win-amd64-cpython-311\cephvr\shared\ffmpeg_filter_expressions.py -> build\bdist.win-amd64\wheel\.\cephvr\shared
copying build\lib.win-amd64-cpython-311\cephvr\shared\ffmpeg_filter_syntax.py -> build\bdist.win-amd64\wheel\.\cephvr\shared
copying build\lib.win-amd64-cpython-311\cephvr\shared\ffmpeg_pixel_formats.py -> build\bdist.win-amd64\wheel\.\cephvr\shared
copying build\lib.win-amd64-cpython-311\cephvr\shared\ffmpeg_types.py -> build\bdist.win-amd64\wheel\.\cephvr\shared
copying build\lib.win-amd64-cpython-311\cephvr\shared\ffmpeg_validation.py -> build\bdist.win-amd64\wheel\.\cephvr\shared
copying build\lib.win-amd64-cpython-311\cephvr\shared\identity.py -> build\bdist.win-amd64\wheel\.\cephvr\shared
copying build\lib.win-amd64-cpython-311\cephvr\shared\incidents.py -> build\bdist.win-amd64\wheel\.\cephvr\shared
copying build\lib.win-amd64-cpython-311\cephvr\shared\ingress.py -> build\bdist.win-amd64\wheel\.\cephvr\shared
creating build\bdist.win-amd64\wheel\cephvr\shared\pixels
copying build\lib.win-amd64-cpython-311\cephvr\shared\pixels\preparer.py -> build\bdist.win-amd64\wheel\.\cephvr\shared\pixels
copying build\lib.win-amd64-cpython-311\cephvr\shared\pixels\scaling.py -> build\bdist.win-amd64\wheel\.\cephvr\shared\pixels
copying build\lib.win-amd64-cpython-311\cephvr\shared\pixels\types.py -> build\bdist.win-amd64\wheel\.\cephvr\shared\pixels
copying build\lib.win-amd64-cpython-311\cephvr\shared\pixels\__init__.py -> build\bdist.win-amd64\wheel\.\cephvr\shared\pixels
copying build\lib.win-amd64-cpython-311\cephvr\shared\recovery.py -> build\bdist.win-amd64\wheel\.\cephvr\shared
copying build\lib.win-amd64-cpython-311\cephvr\shared\resources.py -> build\bdist.win-amd64\wheel\.\cephvr\shared
copying build\lib.win-amd64-cpython-311\cephvr\shared\supervised_encoder.py -> build\bdist.win-amd64\wheel\.\cephvr\shared
copying build\lib.win-amd64-cpython-311\cephvr\shared\transport_deadlines.py -> build\bdist.win-amd64\wheel\.\cephvr\shared
copying build\lib.win-amd64-cpython-311\cephvr\shared\__init__.py -> build\bdist.win-amd64\wheel\.\cephvr\shared
creating build\bdist.win-amd64\wheel\cephvr\supervisor
copying build\lib.win-amd64-cpython-311\cephvr\supervisor\acquisition_worker.py -> build\bdist.win-amd64\wheel\.\cephvr\supervisor
copying build\lib.win-amd64-cpython-311\cephvr\supervisor\health.py -> build\bdist.win-amd64\wheel\.\cephvr\supervisor
copying build\lib.win-amd64-cpython-311\cephvr\supervisor\main.py -> build\bdist.win-amd64\wheel\.\cephvr\supervisor
copying build\lib.win-amd64-cpython-311\cephvr\supervisor\outbound.py -> build\bdist.win-amd64\wheel\.\cephvr\supervisor
copying build\lib.win-amd64-cpython-311\cephvr\supervisor\ports.py -> build\bdist.win-amd64\wheel\.\cephvr\supervisor
copying build\lib.win-amd64-cpython-311\cephvr\supervisor\process_exit.py -> build\bdist.win-amd64\wheel\.\cephvr\supervisor
copying build\lib.win-amd64-cpython-311\cephvr\supervisor\receipts.py -> build\bdist.win-amd64\wheel\.\cephvr\supervisor
copying build\lib.win-amd64-cpython-311\cephvr\supervisor\recovery.py -> build\bdist.win-amd64\wheel\.\cephvr\supervisor
copying build\lib.win-amd64-cpython-311\cephvr\supervisor\registration.py -> build\bdist.win-amd64\wheel\.\cephvr\supervisor
copying build\lib.win-amd64-cpython-311\cephvr\supervisor\registry.py -> build\bdist.win-amd64\wheel\.\cephvr\supervisor
copying build\lib.win-amd64-cpython-311\cephvr\supervisor\runtime.py -> build\bdist.win-amd64\wheel\.\cephvr\supervisor
copying build\lib.win-amd64-cpython-311\cephvr\supervisor\service.py -> build\bdist.win-amd64\wheel\.\cephvr\supervisor
copying build\lib.win-amd64-cpython-311\cephvr\supervisor\shutdown.py -> build\bdist.win-amd64\wheel\.\cephvr\supervisor
copying build\lib.win-amd64-cpython-311\cephvr\supervisor\startup.py -> build\bdist.win-amd64\wheel\.\cephvr\supervisor
copying build\lib.win-amd64-cpython-311\cephvr\supervisor\state.py -> build\bdist.win-amd64\wheel\.\cephvr\supervisor
copying build\lib.win-amd64-cpython-311\cephvr\supervisor\status.py -> build\bdist.win-amd64\wheel\.\cephvr\supervisor
copying build\lib.win-amd64-cpython-311\cephvr\supervisor\visual_stimulus_worker.py -> build\bdist.win-amd64\wheel\.\cephvr\supervisor
copying build\lib.win-amd64-cpython-311\cephvr\supervisor\worker_context.py -> build\bdist.win-amd64\wheel\.\cephvr\supervisor
copying build\lib.win-amd64-cpython-311\cephvr\supervisor\worker_outbound.py -> build\bdist.win-amd64\wheel\.\cephvr\supervisor
copying build\lib.win-amd64-cpython-311\cephvr\supervisor\__init__.py -> build\bdist.win-amd64\wheel\.\cephvr\supervisor
creating build\bdist.win-amd64\wheel\cephvr\synchronization
creating build\bdist.win-amd64\wheel\cephvr\synchronization\v1
copying build\lib.win-amd64-cpython-311\cephvr\synchronization\v1\spikeglx_pb2.py -> build\bdist.win-amd64\wheel\.\cephvr\synchronization\v1
copying build\lib.win-amd64-cpython-311\cephvr\synchronization\v1\spikeglx_pb2.pyi -> build\bdist.win-amd64\wheel\.\cephvr\synchronization\v1
copying build\lib.win-amd64-cpython-311\cephvr\synchronization\v1\spikeglx_pb2_grpc.py -> build\bdist.win-amd64\wheel\.\cephvr\synchronization\v1
copying build\lib.win-amd64-cpython-311\cephvr\synchronization\v1\__init__.py -> build\bdist.win-amd64\wheel\.\cephvr\synchronization\v1
copying build\lib.win-amd64-cpython-311\cephvr\synchronization\__init__.py -> build\bdist.win-amd64\wheel\.\cephvr\synchronization
creating build\bdist.win-amd64\wheel\cephvr\tracking
creating build\bdist.win-amd64\wheel\cephvr\tracking\config
copying build\lib.win-amd64-cpython-311\cephvr\tracking\config\annotations.py -> build\bdist.win-amd64\wheel\.\cephvr\tracking\config
copying build\lib.win-amd64-cpython-311\cephvr\tracking\config\files.py -> build\bdist.win-amd64\wheel\.\cephvr\tracking\config
creating build\bdist.win-amd64\wheel\cephvr\tracking\config\models
copying build\lib.win-amd64-cpython-311\cephvr\tracking\config\models\methods.py -> build\bdist.win-amd64\wheel\.\cephvr\tracking\config\models
copying build\lib.win-amd64-cpython-311\cephvr\tracking\config\models\records.py -> build\bdist.win-amd64\wheel\.\cephvr\tracking\config\models
copying build\lib.win-amd64-cpython-311\cephvr\tracking\config\models\__init__.py -> build\bdist.win-amd64\wheel\.\cephvr\tracking\config\models
copying build\lib.win-amd64-cpython-311\cephvr\tracking\config\pipeline.py -> build\bdist.win-amd64\wheel\.\cephvr\tracking\config
copying build\lib.win-amd64-cpython-311\cephvr\tracking\config\stages.py -> build\bdist.win-amd64\wheel\.\cephvr\tracking\config
copying build\lib.win-amd64-cpython-311\cephvr\tracking\config\validation.py -> build\bdist.win-amd64\wheel\.\cephvr\tracking\config
copying build\lib.win-amd64-cpython-311\cephvr\tracking\config\__init__.py -> build\bdist.win-amd64\wheel\.\cephvr\tracking\config
copying build\lib.win-amd64-cpython-311\cephvr\tracking\configuration.py -> build\bdist.win-amd64\wheel\.\cephvr\tracking
creating build\bdist.win-amd64\wheel\cephvr\tracking\coordinator
copying build\lib.win-amd64-cpython-311\cephvr\tracking\coordinator\commands.py -> build\bdist.win-amd64\wheel\.\cephvr\tracking\coordinator
copying build\lib.win-amd64-cpython-311\cephvr\tracking\coordinator\ports.py -> build\bdist.win-amd64\wheel\.\cephvr\tracking\coordinator
copying build\lib.win-amd64-cpython-311\cephvr\tracking\coordinator\projection.py -> build\bdist.win-amd64\wheel\.\cephvr\tracking\coordinator
copying build\lib.win-amd64-cpython-311\cephvr\tracking\coordinator\reports.py -> build\bdist.win-amd64\wheel\.\cephvr\tracking\coordinator
copying build\lib.win-amd64-cpython-311\cephvr\tracking\coordinator\state.py -> build\bdist.win-amd64\wheel\.\cephvr\tracking\coordinator
copying build\lib.win-amd64-cpython-311\cephvr\tracking\coordinator\trials.py -> build\bdist.win-amd64\wheel\.\cephvr\tracking\coordinator
copying build\lib.win-amd64-cpython-311\cephvr\tracking\coordinator\__init__.py -> build\bdist.win-amd64\wheel\.\cephvr\tracking\coordinator
creating build\bdist.win-amd64\wheel\cephvr\tracking\feedback
copying build\lib.win-amd64-cpython-311\cephvr\tracking\feedback\delivery.py -> build\bdist.win-amd64\wheel\.\cephvr\tracking\feedback
copying build\lib.win-amd64-cpython-311\cephvr\tracking\feedback\transport.py -> build\bdist.win-amd64\wheel\.\cephvr\tracking\feedback
copying build\lib.win-amd64-cpython-311\cephvr\tracking\feedback\__init__.py -> build\bdist.win-amd64\wheel\.\cephvr\tracking\feedback
copying build\lib.win-amd64-cpython-311\cephvr\tracking\main.py -> build\bdist.win-amd64\wheel\.\cephvr\tracking
creating build\bdist.win-amd64\wheel\cephvr\tracking\methods
copying build\lib.win-amd64-cpython-311\cephvr\tracking\methods\association.py -> build\bdist.win-amd64\wheel\.\cephvr\tracking\methods
copying build\lib.win-amd64-cpython-311\cephvr\tracking\methods\contour.py -> build\bdist.win-amd64\wheel\.\cephvr\tracking\methods
copying build\lib.win-amd64-cpython-311\cephvr\tracking\methods\flow_buffers.py -> build\bdist.win-amd64\wheel\.\cephvr\tracking\methods
copying build\lib.win-amd64-cpython-311\cephvr\tracking\methods\geometry.py -> build\bdist.win-amd64\wheel\.\cephvr\tracking\methods
copying build\lib.win-amd64-cpython-311\cephvr\tracking\methods\images.py -> build\bdist.win-amd64\wheel\.\cephvr\tracking\methods
copying build\lib.win-amd64-cpython-311\cephvr\tracking\methods\landmarks.py -> build\bdist.win-amd64\wheel\.\cephvr\tracking\methods
copying build\lib.win-amd64-cpython-311\cephvr\tracking\methods\model.py -> build\bdist.win-amd64\wheel\.\cephvr\tracking\methods
copying build\lib.win-amd64-cpython-311\cephvr\tracking\methods\model_assets.py -> build\bdist.win-amd64\wheel\.\cephvr\tracking\methods
copying build\lib.win-amd64-cpython-311\cephvr\tracking\methods\model_placement.py -> build\bdist.win-amd64\wheel\.\cephvr\tracking\methods
copying build\lib.win-amd64-cpython-311\cephvr\tracking\methods\model_tensor.py -> build\bdist.win-amd64\wheel\.\cephvr\tracking\methods
copying build\lib.win-amd64-cpython-311\cephvr\tracking\methods\nvidia.py -> build\bdist.win-amd64\wheel\.\cephvr\tracking\methods
copying build\lib.win-amd64-cpython-311\cephvr\tracking\methods\outline.py -> build\bdist.win-amd64\wheel\.\cephvr\tracking\methods
copying build\lib.win-amd64-cpython-311\cephvr\tracking\methods\proxy.py -> build\bdist.win-amd64\wheel\.\cephvr\tracking\methods
copying build\lib.win-amd64-cpython-311\cephvr\tracking\methods\screening.py -> build\bdist.win-amd64\wheel\.\cephvr\tracking\methods
copying build\lib.win-amd64-cpython-311\cephvr\tracking\methods\__init__.py -> build\bdist.win-amd64\wheel\.\cephvr\tracking\methods
creating build\bdist.win-amd64\wheel\cephvr\tracking\native
copying build\lib.win-amd64-cpython-311\cephvr\tracking\native\cephvr_nvof.dll -> build\bdist.win-amd64\wheel\.\cephvr\tracking\native
copying build\lib.win-amd64-cpython-311\cephvr\tracking\native\nvof.py -> build\bdist.win-amd64\wheel\.\cephvr\tracking\native
copying build\lib.win-amd64-cpython-311\cephvr\tracking\native\__init__.py -> build\bdist.win-amd64\wheel\.\cephvr\tracking\native
creating build\bdist.win-amd64\wheel\cephvr\tracking\processing
copying build\lib.win-amd64-cpython-311\cephvr\tracking\processing\frames.py -> build\bdist.win-amd64\wheel\.\cephvr\tracking\processing
copying build\lib.win-amd64-cpython-311\cephvr\tracking\processing\gate.py -> build\bdist.win-amd64\wheel\.\cephvr\tracking\processing
copying build\lib.win-amd64-cpython-311\cephvr\tracking\processing\history.py -> build\bdist.win-amd64\wheel\.\cephvr\tracking\processing
copying build\lib.win-amd64-cpython-311\cephvr\tracking\processing\movement.py -> build\bdist.win-amd64\wheel\.\cephvr\tracking\processing
copying build\lib.win-amd64-cpython-311\cephvr\tracking\processing\pose.py -> build\bdist.win-amd64\wheel\.\cephvr\tracking\processing
copying build\lib.win-amd64-cpython-311\cephvr\tracking\processing\session.py -> build\bdist.win-amd64\wheel\.\cephvr\tracking\processing
copying build\lib.win-amd64-cpython-311\cephvr\tracking\processing\source.py -> build\bdist.win-amd64\wheel\.\cephvr\tracking\processing
copying build\lib.win-amd64-cpython-311\cephvr\tracking\processing\__init__.py -> build\bdist.win-amd64\wheel\.\cephvr\tracking\processing
creating build\bdist.win-amd64\wheel\cephvr\tracking\recording
copying build\lib.win-amd64-cpython-311\cephvr\tracking\recording\codec.py -> build\bdist.win-amd64\wheel\.\cephvr\tracking\recording
copying build\lib.win-amd64-cpython-311\cephvr\tracking\recording\results.py -> build\bdist.win-amd64\wheel\.\cephvr\tracking\recording
copying build\lib.win-amd64-cpython-311\cephvr\tracking\recording\writer.py -> build\bdist.win-amd64\wheel\.\cephvr\tracking\recording
copying build\lib.win-amd64-cpython-311\cephvr\tracking\recording\__init__.py -> build\bdist.win-amd64\wheel\.\cephvr\tracking\recording
copying build\lib.win-amd64-cpython-311\cephvr\tracking\recording_schema.py -> build\bdist.win-amd64\wheel\.\cephvr\tracking
copying build\lib.win-amd64-cpython-311\cephvr\tracking\runtime.py -> build\bdist.win-amd64\wheel\.\cephvr\tracking
creating build\bdist.win-amd64\wheel\cephvr\tracking\transport
copying build\lib.win-amd64-cpython-311\cephvr\tracking\transport\boundary.py -> build\bdist.win-amd64\wheel\.\cephvr\tracking\transport
copying build\lib.win-amd64-cpython-311\cephvr\tracking\transport\peers.py -> build\bdist.win-amd64\wheel\.\cephvr\tracking\transport
copying build\lib.win-amd64-cpython-311\cephvr\tracking\transport\server.py -> build\bdist.win-amd64\wheel\.\cephvr\tracking\transport
copying build\lib.win-amd64-cpython-311\cephvr\tracking\transport\services.py -> build\bdist.win-amd64\wheel\.\cephvr\tracking\transport
copying build\lib.win-amd64-cpython-311\cephvr\tracking\transport\__init__.py -> build\bdist.win-amd64\wheel\.\cephvr\tracking\transport
copying build\lib.win-amd64-cpython-311\cephvr\tracking\types.py -> build\bdist.win-amd64\wheel\.\cephvr\tracking
creating build\bdist.win-amd64\wheel\cephvr\tracking\v1
copying build\lib.win-amd64-cpython-311\cephvr\tracking\v1\methods_pb2.py -> build\bdist.win-amd64\wheel\.\cephvr\tracking\v1
copying build\lib.win-amd64-cpython-311\cephvr\tracking\v1\methods_pb2.pyi -> build\bdist.win-amd64\wheel\.\cephvr\tracking\v1
copying build\lib.win-amd64-cpython-311\cephvr\tracking\v1\methods_pb2_grpc.py -> build\bdist.win-amd64\wheel\.\cephvr\tracking\v1
copying build\lib.win-amd64-cpython-311\cephvr\tracking\v1\pose_pb2.py -> build\bdist.win-amd64\wheel\.\cephvr\tracking\v1
copying build\lib.win-amd64-cpython-311\cephvr\tracking\v1\pose_pb2.pyi -> build\bdist.win-amd64\wheel\.\cephvr\tracking\v1
copying build\lib.win-amd64-cpython-311\cephvr\tracking\v1\pose_pb2_grpc.py -> build\bdist.win-amd64\wheel\.\cephvr\tracking\v1
copying build\lib.win-amd64-cpython-311\cephvr\tracking\v1\preparation_pb2.py -> build\bdist.win-amd64\wheel\.\cephvr\tracking\v1
copying build\lib.win-amd64-cpython-311\cephvr\tracking\v1\preparation_pb2.pyi -> build\bdist.win-amd64\wheel\.\cephvr\tracking\v1
copying build\lib.win-amd64-cpython-311\cephvr\tracking\v1\preparation_pb2_grpc.py -> build\bdist.win-amd64\wheel\.\cephvr\tracking\v1
copying build\lib.win-amd64-cpython-311\cephvr\tracking\v1\recording_pb2.py -> build\bdist.win-amd64\wheel\.\cephvr\tracking\v1
copying build\lib.win-amd64-cpython-311\cephvr\tracking\v1\recording_pb2.pyi -> build\bdist.win-amd64\wheel\.\cephvr\tracking\v1
copying build\lib.win-amd64-cpython-311\cephvr\tracking\v1\recording_pb2_grpc.py -> build\bdist.win-amd64\wheel\.\cephvr\tracking\v1
copying build\lib.win-amd64-cpython-311\cephvr\tracking\v1\services_pb2.py -> build\bdist.win-amd64\wheel\.\cephvr\tracking\v1
copying build\lib.win-amd64-cpython-311\cephvr\tracking\v1\services_pb2.pyi -> build\bdist.win-amd64\wheel\.\cephvr\tracking\v1
copying build\lib.win-amd64-cpython-311\cephvr\tracking\v1\services_pb2_grpc.py -> build\bdist.win-amd64\wheel\.\cephvr\tracking\v1
copying build\lib.win-amd64-cpython-311\cephvr\tracking\v1\__init__.py -> build\bdist.win-amd64\wheel\.\cephvr\tracking\v1
copying build\lib.win-amd64-cpython-311\cephvr\tracking\__init__.py -> build\bdist.win-amd64\wheel\.\cephvr\tracking
creating build\bdist.win-amd64\wheel\cephvr\visual_stimulus
creating build\bdist.win-amd64\wheel\cephvr\visual_stimulus\compiler
copying build\lib.win-amd64-cpython-311\cephvr\visual_stimulus\compiler\compile.py -> build\bdist.win-amd64\wheel\.\cephvr\visual_stimulus\compiler
copying build\lib.win-amd64-cpython-311\cephvr\visual_stimulus\compiler\durations.py -> build\bdist.win-amd64\wheel\.\cephvr\visual_stimulus\compiler
copying build\lib.win-amd64-cpython-311\cephvr\visual_stimulus\compiler\expansion.py -> build\bdist.win-amd64\wheel\.\cephvr\visual_stimulus\compiler
copying build\lib.win-amd64-cpython-311\cephvr\visual_stimulus\compiler\transitions.py -> build\bdist.win-amd64\wheel\.\cephvr\visual_stimulus\compiler
copying build\lib.win-amd64-cpython-311\cephvr\visual_stimulus\compiler\warnings.py -> build\bdist.win-amd64\wheel\.\cephvr\visual_stimulus\compiler
copying build\lib.win-amd64-cpython-311\cephvr\visual_stimulus\compiler\__init__.py -> build\bdist.win-amd64\wheel\.\cephvr\visual_stimulus\compiler
creating build\bdist.win-amd64\wheel\cephvr\visual_stimulus\config
creating build\bdist.win-amd64\wheel\cephvr\visual_stimulus\config\models
copying build\lib.win-amd64-cpython-311\cephvr\visual_stimulus\config\models\artifact_models.py -> build\bdist.win-amd64\wheel\.\cephvr\visual_stimulus\config\models
copying build\lib.win-amd64-cpython-311\cephvr\visual_stimulus\config\models\display_profile.py -> build\bdist.win-amd64\wheel\.\cephvr\visual_stimulus\config\models
copying build\lib.win-amd64-cpython-311\cephvr\visual_stimulus\config\models\evidence_model.py -> build\bdist.win-amd64\wheel\.\cephvr\visual_stimulus\config\models
copying build\lib.win-amd64-cpython-311\cephvr\visual_stimulus\config\models\parameter_catalogue.py -> build\bdist.win-amd64\wheel\.\cephvr\visual_stimulus\config\models
copying build\lib.win-amd64-cpython-311\cephvr\visual_stimulus\config\models\photometric_profile.py -> build\bdist.win-amd64\wheel\.\cephvr\visual_stimulus\config\models
copying build\lib.win-amd64-cpython-311\cephvr\visual_stimulus\config\models\program_model.py -> build\bdist.win-amd64\wheel\.\cephvr\visual_stimulus\config\models
copying build\lib.win-amd64-cpython-311\cephvr\visual_stimulus\config\models\schema_common.py -> build\bdist.win-amd64\wheel\.\cephvr\visual_stimulus\config\models
copying build\lib.win-amd64-cpython-311\cephvr\visual_stimulus\config\models\__init__.py -> build\bdist.win-amd64\wheel\.\cephvr\visual_stimulus\config\models
copying build\lib.win-amd64-cpython-311\cephvr\visual_stimulus\config\__init__.py -> build\bdist.win-amd64\wheel\.\cephvr\visual_stimulus\config
copying build\lib.win-amd64-cpython-311\cephvr\visual_stimulus\configuration.py -> build\bdist.win-amd64\wheel\.\cephvr\visual_stimulus
creating build\bdist.win-amd64\wheel\cephvr\visual_stimulus\coordinator
copying build\lib.win-amd64-cpython-311\cephvr\visual_stimulus\coordinator\commands.py -> build\bdist.win-amd64\wheel\.\cephvr\visual_stimulus\coordinator
copying build\lib.win-amd64-cpython-311\cephvr\visual_stimulus\coordinator\incidents.py -> build\bdist.win-amd64\wheel\.\cephvr\visual_stimulus\coordinator
copying build\lib.win-amd64-cpython-311\cephvr\visual_stimulus\coordinator\obligations.py -> build\bdist.win-amd64\wheel\.\cephvr\visual_stimulus\coordinator
copying build\lib.win-amd64-cpython-311\cephvr\visual_stimulus\coordinator\ports.py -> build\bdist.win-amd64\wheel\.\cephvr\visual_stimulus\coordinator
copying build\lib.win-amd64-cpython-311\cephvr\visual_stimulus\coordinator\projection.py -> build\bdist.win-amd64\wheel\.\cephvr\visual_stimulus\coordinator
copying build\lib.win-amd64-cpython-311\cephvr\visual_stimulus\coordinator\ready.py -> build\bdist.win-amd64\wheel\.\cephvr\visual_stimulus\coordinator
copying build\lib.win-amd64-cpython-311\cephvr\visual_stimulus\coordinator\recipes.py -> build\bdist.win-amd64\wheel\.\cephvr\visual_stimulus\coordinator
copying build\lib.win-amd64-cpython-311\cephvr\visual_stimulus\coordinator\reports.py -> build\bdist.win-amd64\wheel\.\cephvr\visual_stimulus\coordinator
copying build\lib.win-amd64-cpython-311\cephvr\visual_stimulus\coordinator\state.py -> build\bdist.win-amd64\wheel\.\cephvr\visual_stimulus\coordinator
copying build\lib.win-amd64-cpython-311\cephvr\visual_stimulus\coordinator\__init__.py -> build\bdist.win-amd64\wheel\.\cephvr\visual_stimulus\coordinator
creating build\bdist.win-amd64\wheel\cephvr\visual_stimulus\feedback
copying build\lib.win-amd64-cpython-311\cephvr\visual_stimulus\feedback\arena.py -> build\bdist.win-amd64\wheel\.\cephvr\visual_stimulus\feedback
copying build\lib.win-amd64-cpython-311\cephvr\visual_stimulus\feedback\batch.py -> build\bdist.win-amd64\wheel\.\cephvr\visual_stimulus\feedback
copying build\lib.win-amd64-cpython-311\cephvr\visual_stimulus\feedback\consumer.py -> build\bdist.win-amd64\wheel\.\cephvr\visual_stimulus\feedback
copying build\lib.win-amd64-cpython-311\cephvr\visual_stimulus\feedback\credits.py -> build\bdist.win-amd64\wheel\.\cephvr\visual_stimulus\feedback
copying build\lib.win-amd64-cpython-311\cephvr\visual_stimulus\feedback\mapping.py -> build\bdist.win-amd64\wheel\.\cephvr\visual_stimulus\feedback
copying build\lib.win-amd64-cpython-311\cephvr\visual_stimulus\feedback\native.py -> build\bdist.win-amd64\wheel\.\cephvr\visual_stimulus\feedback
copying build\lib.win-amd64-cpython-311\cephvr\visual_stimulus\feedback\pipe_consumer.py -> build\bdist.win-amd64\wheel\.\cephvr\visual_stimulus\feedback
copying build\lib.win-amd64-cpython-311\cephvr\visual_stimulus\feedback\wire.py -> build\bdist.win-amd64\wheel\.\cephvr\visual_stimulus\feedback
copying build\lib.win-amd64-cpython-311\cephvr\visual_stimulus\feedback\__init__.py -> build\bdist.win-amd64\wheel\.\cephvr\visual_stimulus\feedback
copying build\lib.win-amd64-cpython-311\cephvr\visual_stimulus\identity.py -> build\bdist.win-amd64\wheel\.\cephvr\visual_stimulus
copying build\lib.win-amd64-cpython-311\cephvr\visual_stimulus\main.py -> build\bdist.win-amd64\wheel\.\cephvr\visual_stimulus
creating build\bdist.win-amd64\wheel\cephvr\visual_stimulus\recording
copying build\lib.win-amd64-cpython-311\cephvr\visual_stimulus\recording\capture.py -> build\bdist.win-amd64\wheel\.\cephvr\visual_stimulus\recording
copying build\lib.win-amd64-cpython-311\cephvr\visual_stimulus\recording\capture_runtime.py -> build\bdist.win-amd64\wheel\.\cephvr\visual_stimulus\recording
copying build\lib.win-amd64-cpython-311\cephvr\visual_stimulus\recording\completion.py -> build\bdist.win-amd64\wheel\.\cephvr\visual_stimulus\recording
copying build\lib.win-amd64-cpython-311\cephvr\visual_stimulus\recording\encoder_owner.py -> build\bdist.win-amd64\wheel\.\cephvr\visual_stimulus\recording
copying build\lib.win-amd64-cpython-311\cephvr\visual_stimulus\recording\encoding.py -> build\bdist.win-amd64\wheel\.\cephvr\visual_stimulus\recording
copying build\lib.win-amd64-cpython-311\cephvr\visual_stimulus\recording\encoding_probe.py -> build\bdist.win-amd64\wheel\.\cephvr\visual_stimulus\recording
copying build\lib.win-amd64-cpython-311\cephvr\visual_stimulus\recording\evidence.py -> build\bdist.win-amd64\wheel\.\cephvr\visual_stimulus\recording
copying build\lib.win-amd64-cpython-311\cephvr\visual_stimulus\recording\evidence_records.py -> build\bdist.win-amd64\wheel\.\cephvr\visual_stimulus\recording
copying build\lib.win-amd64-cpython-311\cephvr\visual_stimulus\recording\native.py -> build\bdist.win-amd64\wheel\.\cephvr\visual_stimulus\recording
copying build\lib.win-amd64-cpython-311\cephvr\visual_stimulus\recording\outcomes.py -> build\bdist.win-amd64\wheel\.\cephvr\visual_stimulus\recording
copying build\lib.win-amd64-cpython-311\cephvr\visual_stimulus\recording\recipe.py -> build\bdist.win-amd64\wheel\.\cephvr\visual_stimulus\recording
copying build\lib.win-amd64-cpython-311\cephvr\visual_stimulus\recording\session.py -> build\bdist.win-amd64\wheel\.\cephvr\visual_stimulus\recording
copying build\lib.win-amd64-cpython-311\cephvr\visual_stimulus\recording\__init__.py -> build\bdist.win-amd64\wheel\.\cephvr\visual_stimulus\recording
copying build\lib.win-amd64-cpython-311\cephvr\visual_stimulus\recording_schema.py -> build\bdist.win-amd64\wheel\.\cephvr\visual_stimulus
creating build\bdist.win-amd64\wheel\cephvr\visual_stimulus\rendering
copying build\lib.win-amd64-cpython-311\cephvr\visual_stimulus\rendering\arena.py -> build\bdist.win-amd64\wheel\.\cephvr\visual_stimulus\rendering
copying build\lib.win-amd64-cpython-311\cephvr\visual_stimulus\rendering\arena_draw.py -> build\bdist.win-amd64\wheel\.\cephvr\visual_stimulus\rendering
copying build\lib.win-amd64-cpython-311\cephvr\visual_stimulus\rendering\arena_gpu.py -> build\bdist.win-amd64\wheel\.\cephvr\visual_stimulus\rendering
copying build\lib.win-amd64-cpython-311\cephvr\visual_stimulus\rendering\capture.py -> build\bdist.win-amd64\wheel\.\cephvr\visual_stimulus\rendering
copying build\lib.win-amd64-cpython-311\cephvr\visual_stimulus\rendering\capture_sync.py -> build\bdist.win-amd64\wheel\.\cephvr\visual_stimulus\rendering
copying build\lib.win-amd64-cpython-311\cephvr\visual_stimulus\rendering\color.py -> build\bdist.win-amd64\wheel\.\cephvr\visual_stimulus\rendering
copying build\lib.win-amd64-cpython-311\cephvr\visual_stimulus\rendering\diagnostics.py -> build\bdist.win-amd64\wheel\.\cephvr\visual_stimulus\rendering
copying build\lib.win-amd64-cpython-311\cephvr\visual_stimulus\rendering\engine.py -> build\bdist.win-amd64\wheel\.\cephvr\visual_stimulus\rendering
copying build\lib.win-amd64-cpython-311\cephvr\visual_stimulus\rendering\evidence.py -> build\bdist.win-amd64\wheel\.\cephvr\visual_stimulus\rendering
copying build\lib.win-amd64-cpython-311\cephvr\visual_stimulus\rendering\layer_projection.py -> build\bdist.win-amd64\wheel\.\cephvr\visual_stimulus\rendering
copying build\lib.win-amd64-cpython-311\cephvr\visual_stimulus\rendering\motion.py -> build\bdist.win-amd64\wheel\.\cephvr\visual_stimulus\rendering
copying build\lib.win-amd64-cpython-311\cephvr\visual_stimulus\rendering\native.py -> build\bdist.win-amd64\wheel\.\cephvr\visual_stimulus\rendering
copying build\lib.win-amd64-cpython-311\cephvr\visual_stimulus\rendering\native_display.py -> build\bdist.win-amd64\wheel\.\cephvr\visual_stimulus\rendering
copying build\lib.win-amd64-cpython-311\cephvr\visual_stimulus\rendering\projection.py -> build\bdist.win-amd64\wheel\.\cephvr\visual_stimulus\rendering
copying build\lib.win-amd64-cpython-311\cephvr\visual_stimulus\rendering\scene.py -> build\bdist.win-amd64\wheel\.\cephvr\visual_stimulus\rendering
copying build\lib.win-amd64-cpython-311\cephvr\visual_stimulus\rendering\scene_resources.py -> build\bdist.win-amd64\wheel\.\cephvr\visual_stimulus\rendering
copying build\lib.win-amd64-cpython-311\cephvr\visual_stimulus\rendering\shaders.py -> build\bdist.win-amd64\wheel\.\cephvr\visual_stimulus\rendering
copying build\lib.win-amd64-cpython-311\cephvr\visual_stimulus\rendering\state.py -> build\bdist.win-amd64\wheel\.\cephvr\visual_stimulus\rendering
copying build\lib.win-amd64-cpython-311\cephvr\visual_stimulus\rendering\types.py -> build\bdist.win-amd64\wheel\.\cephvr\visual_stimulus\rendering
copying build\lib.win-amd64-cpython-311\cephvr\visual_stimulus\rendering\upload.py -> build\bdist.win-amd64\wheel\.\cephvr\visual_stimulus\rendering
copying build\lib.win-amd64-cpython-311\cephvr\visual_stimulus\rendering\__init__.py -> build\bdist.win-amd64\wheel\.\cephvr\visual_stimulus\rendering
creating build\bdist.win-amd64\wheel\cephvr\visual_stimulus\resources
copying build\lib.win-amd64-cpython-311\cephvr\visual_stimulus\resources\arena.py -> build\bdist.win-amd64\wheel\.\cephvr\visual_stimulus\resources
copying build\lib.win-amd64-cpython-311\cephvr\visual_stimulus\resources\assets.py -> build\bdist.win-amd64\wheel\.\cephvr\visual_stimulus\resources
copying build\lib.win-amd64-cpython-311\cephvr\visual_stimulus\resources\budget.py -> build\bdist.win-amd64\wheel\.\cephvr\visual_stimulus\resources
copying build\lib.win-amd64-cpython-311\cephvr\visual_stimulus\resources\calibration.py -> build\bdist.win-amd64\wheel\.\cephvr\visual_stimulus\resources
copying build\lib.win-amd64-cpython-311\cephvr\visual_stimulus\resources\ffv1_configuration.py -> build\bdist.win-amd64\wheel\.\cephvr\visual_stimulus\resources
copying build\lib.win-amd64-cpython-311\cephvr\visual_stimulus\resources\glb.py -> build\bdist.win-amd64\wheel\.\cephvr\visual_stimulus\resources
copying build\lib.win-amd64-cpython-311\cephvr\visual_stimulus\resources\glb_materials.py -> build\bdist.win-amd64\wheel\.\cephvr\visual_stimulus\resources
copying build\lib.win-amd64-cpython-311\cephvr\visual_stimulus\resources\image_headers.py -> build\bdist.win-amd64\wheel\.\cephvr\visual_stimulus\resources
copying build\lib.win-amd64-cpython-311\cephvr\visual_stimulus\resources\media.py -> build\bdist.win-amd64\wheel\.\cephvr\visual_stimulus\resources
copying build\lib.win-amd64-cpython-311\cephvr\visual_stimulus\resources\prepare.py -> build\bdist.win-amd64\wheel\.\cephvr\visual_stimulus\resources
copying build\lib.win-amd64-cpython-311\cephvr\visual_stimulus\resources\protected.py -> build\bdist.win-amd64\wheel\.\cephvr\visual_stimulus\resources
copying build\lib.win-amd64-cpython-311\cephvr\visual_stimulus\resources\session.py -> build\bdist.win-amd64\wheel\.\cephvr\visual_stimulus\resources
copying build\lib.win-amd64-cpython-311\cephvr\visual_stimulus\resources\uniforms.py -> build\bdist.win-amd64\wheel\.\cephvr\visual_stimulus\resources
copying build\lib.win-amd64-cpython-311\cephvr\visual_stimulus\resources\video.py -> build\bdist.win-amd64\wheel\.\cephvr\visual_stimulus\resources
copying build\lib.win-amd64-cpython-311\cephvr\visual_stimulus\resources\video_decoder.py -> build\bdist.win-amd64\wheel\.\cephvr\visual_stimulus\resources
copying build\lib.win-amd64-cpython-311\cephvr\visual_stimulus\resources\video_index.py -> build\bdist.win-amd64\wheel\.\cephvr\visual_stimulus\resources
copying build\lib.win-amd64-cpython-311\cephvr\visual_stimulus\resources\video_selection.py -> build\bdist.win-amd64\wheel\.\cephvr\visual_stimulus\resources
copying build\lib.win-amd64-cpython-311\cephvr\visual_stimulus\resources\video_session.py -> build\bdist.win-amd64\wheel\.\cephvr\visual_stimulus\resources
copying build\lib.win-amd64-cpython-311\cephvr\visual_stimulus\resources\__init__.py -> build\bdist.win-amd64\wheel\.\cephvr\visual_stimulus\resources
copying build\lib.win-amd64-cpython-311\cephvr\visual_stimulus\runtime.py -> build\bdist.win-amd64\wheel\.\cephvr\visual_stimulus
creating build\bdist.win-amd64\wheel\cephvr\visual_stimulus\transport
copying build\lib.win-amd64-cpython-311\cephvr\visual_stimulus\transport\boundary.py -> build\bdist.win-amd64\wheel\.\cephvr\visual_stimulus\transport
copying build\lib.win-amd64-cpython-311\cephvr\visual_stimulus\transport\messages.py -> build\bdist.win-amd64\wheel\.\cephvr\visual_stimulus\transport
copying build\lib.win-amd64-cpython-311\cephvr\visual_stimulus\transport\peers.py -> build\bdist.win-amd64\wheel\.\cephvr\visual_stimulus\transport
copying build\lib.win-amd64-cpython-311\cephvr\visual_stimulus\transport\pending.py -> build\bdist.win-amd64\wheel\.\cephvr\visual_stimulus\transport
copying build\lib.win-amd64-cpython-311\cephvr\visual_stimulus\transport\server.py -> build\bdist.win-amd64\wheel\.\cephvr\visual_stimulus\transport
copying build\lib.win-amd64-cpython-311\cephvr\visual_stimulus\transport\services.py -> build\bdist.win-amd64\wheel\.\cephvr\visual_stimulus\transport
copying build\lib.win-amd64-cpython-311\cephvr\visual_stimulus\transport\__init__.py -> build\bdist.win-amd64\wheel\.\cephvr\visual_stimulus\transport
creating build\bdist.win-amd64\wheel\cephvr\visual_stimulus\v1
copying build\lib.win-amd64-cpython-311\cephvr\visual_stimulus\v1\data_pb2.py -> build\bdist.win-amd64\wheel\.\cephvr\visual_stimulus\v1
copying build\lib.win-amd64-cpython-311\cephvr\visual_stimulus\v1\data_pb2.pyi -> build\bdist.win-amd64\wheel\.\cephvr\visual_stimulus\v1
copying build\lib.win-amd64-cpython-311\cephvr\visual_stimulus\v1\data_pb2_grpc.py -> build\bdist.win-amd64\wheel\.\cephvr\visual_stimulus\v1
copying build\lib.win-amd64-cpython-311\cephvr\visual_stimulus\v1\messages_pb2.py -> build\bdist.win-amd64\wheel\.\cephvr\visual_stimulus\v1
copying build\lib.win-amd64-cpython-311\cephvr\visual_stimulus\v1\messages_pb2.pyi -> build\bdist.win-amd64\wheel\.\cephvr\visual_stimulus\v1
copying build\lib.win-amd64-cpython-311\cephvr\visual_stimulus\v1\messages_pb2_grpc.py -> build\bdist.win-amd64\wheel\.\cephvr\visual_stimulus\v1
copying build\lib.win-amd64-cpython-311\cephvr\visual_stimulus\v1\plan_pb2.py -> build\bdist.win-amd64\wheel\.\cephvr\visual_stimulus\v1
copying build\lib.win-amd64-cpython-311\cephvr\visual_stimulus\v1\plan_pb2.pyi -> build\bdist.win-amd64\wheel\.\cephvr\visual_stimulus\v1
copying build\lib.win-amd64-cpython-311\cephvr\visual_stimulus\v1\plan_pb2_grpc.py -> build\bdist.win-amd64\wheel\.\cephvr\visual_stimulus\v1
copying build\lib.win-amd64-cpython-311\cephvr\visual_stimulus\v1\runtime_pb2.py -> build\bdist.win-amd64\wheel\.\cephvr\visual_stimulus\v1
copying build\lib.win-amd64-cpython-311\cephvr\visual_stimulus\v1\runtime_pb2.pyi -> build\bdist.win-amd64\wheel\.\cephvr\visual_stimulus\v1
copying build\lib.win-amd64-cpython-311\cephvr\visual_stimulus\v1\runtime_pb2_grpc.py -> build\bdist.win-amd64\wheel\.\cephvr\visual_stimulus\v1
copying build\lib.win-amd64-cpython-311\cephvr\visual_stimulus\v1\services_pb2.py -> build\bdist.win-amd64\wheel\.\cephvr\visual_stimulus\v1
copying build\lib.win-amd64-cpython-311\cephvr\visual_stimulus\v1\services_pb2.pyi -> build\bdist.win-amd64\wheel\.\cephvr\visual_stimulus\v1
copying build\lib.win-amd64-cpython-311\cephvr\visual_stimulus\v1\services_pb2_grpc.py -> build\bdist.win-amd64\wheel\.\cephvr\visual_stimulus\v1
copying build\lib.win-amd64-cpython-311\cephvr\visual_stimulus\v1\__init__.py -> build\bdist.win-amd64\wheel\.\cephvr\visual_stimulus\v1
creating build\bdist.win-amd64\wheel\cephvr\visual_stimulus\worker
copying build\lib.win-amd64-cpython-311\cephvr\visual_stimulus\worker\bootstrap.py -> build\bdist.win-amd64\wheel\.\cephvr\visual_stimulus\worker
copying build\lib.win-amd64-cpython-311\cephvr\visual_stimulus\worker\cleanup.py -> build\bdist.win-amd64\wheel\.\cephvr\visual_stimulus\worker
copying build\lib.win-amd64-cpython-311\cephvr\visual_stimulus\worker\display_initialization.py -> build\bdist.win-amd64\wheel\.\cephvr\visual_stimulus\worker
copying build\lib.win-amd64-cpython-311\cephvr\visual_stimulus\worker\lifecycle.py -> build\bdist.win-amd64\wheel\.\cephvr\visual_stimulus\worker
copying build\lib.win-amd64-cpython-311\cephvr\visual_stimulus\worker\main.py -> build\bdist.win-amd64\wheel\.\cephvr\visual_stimulus\worker
copying build\lib.win-amd64-cpython-311\cephvr\visual_stimulus\worker\native.py -> build\bdist.win-amd64\wheel\.\cephvr\visual_stimulus\worker
copying build\lib.win-amd64-cpython-311\cephvr\visual_stimulus\worker\owner.py -> build\bdist.win-amd64\wheel\.\cephvr\visual_stimulus\worker
copying build\lib.win-amd64-cpython-311\cephvr\visual_stimulus\worker\ports.py -> build\bdist.win-amd64\wheel\.\cephvr\visual_stimulus\worker
copying build\lib.win-amd64-cpython-311\cephvr\visual_stimulus\worker\preparation.py -> build\bdist.win-amd64\wheel\.\cephvr\visual_stimulus\worker
copying build\lib.win-amd64-cpython-311\cephvr\visual_stimulus\worker\registration.py -> build\bdist.win-amd64\wheel\.\cephvr\visual_stimulus\worker
copying build\lib.win-amd64-cpython-311\cephvr\visual_stimulus\worker\reporting.py -> build\bdist.win-amd64\wheel\.\cephvr\visual_stimulus\worker
copying build\lib.win-amd64-cpython-311\cephvr\visual_stimulus\worker\runtime.py -> build\bdist.win-amd64\wheel\.\cephvr\visual_stimulus\worker
copying build\lib.win-amd64-cpython-311\cephvr\visual_stimulus\worker\state.py -> build\bdist.win-amd64\wheel\.\cephvr\visual_stimulus\worker
copying build\lib.win-amd64-cpython-311\cephvr\visual_stimulus\worker\timing.py -> build\bdist.win-amd64\wheel\.\cephvr\visual_stimulus\worker
copying build\lib.win-amd64-cpython-311\cephvr\visual_stimulus\worker\trials.py -> build\bdist.win-amd64\wheel\.\cephvr\visual_stimulus\worker
copying build\lib.win-amd64-cpython-311\cephvr\visual_stimulus\worker\trial_admissions.py -> build\bdist.win-amd64\wheel\.\cephvr\visual_stimulus\worker
copying build\lib.win-amd64-cpython-311\cephvr\visual_stimulus\worker\__init__.py -> build\bdist.win-amd64\wheel\.\cephvr\visual_stimulus\worker
copying build\lib.win-amd64-cpython-311\cephvr\visual_stimulus\worker_launcher.py -> build\bdist.win-amd64\wheel\.\cephvr\visual_stimulus
copying build\lib.win-amd64-cpython-311\cephvr\visual_stimulus\__init__.py -> build\bdist.win-amd64\wheel\.\cephvr\visual_stimulus
copying build\lib.win-amd64-cpython-311\cephvr\__init__.py -> build\bdist.win-amd64\wheel\.\cephvr
running install_egg_info
running egg_info
writing src\cephvr.egg-info\PKG-INFO
writing dependency_links to src\cephvr.egg-info\dependency_links.txt
writing entry points to src\cephvr.egg-info\entry_points.txt
writing requirements to src\cephvr.egg-info\requires.txt
writing top-level names to src\cephvr.egg-info\top_level.txt
reading manifest file 'src\cephvr.egg-info\SOURCES.txt'
reading manifest template 'MANIFEST.in'
writing manifest file 'src\cephvr.egg-info\SOURCES.txt'
Copying src\cephvr.egg-info to build\bdist.win-amd64\wheel\.\cephvr-2.0.0.dev0-py3.11.egg-info
running install_scripts
creating build\bdist.win-amd64\wheel\cephvr-2.0.0.dev0.dist-info\WHEEL
creating 'C:\Dev\projects\reiter-cephalopod-vr\reiter-cephalopod-vr-2.0-software\.repair-tmp\packages-b\.tmp-bc1y_tnz\cephvr-2.0.0.dev0-cp311-cp311-win_amd64.whl' and adding 'build\bdist.win-amd64\wheel' to it
adding 'cephvr/__init__.py'
adding 'cephvr/acquisition/__init__.py'
adding 'cephvr/acquisition/configuration.py'
adding 'cephvr/acquisition/executables.py'
adding 'cephvr/acquisition/identity.py'
adding 'cephvr/acquisition/main.py'
adding 'cephvr/acquisition/ports.py'
adding 'cephvr/acquisition/recording_schema.py'
adding 'cephvr/acquisition/runtime.py'
adding 'cephvr/acquisition/startup.py'
adding 'cephvr/acquisition/state.py'
adding 'cephvr/acquisition/worker_launcher.py'
adding 'cephvr/acquisition/buffers/__init__.py'
adding 'cephvr/acquisition/buffers/end_marker.py'
adding 'cephvr/acquisition/buffers/layout.py'
adding 'cephvr/acquisition/buffers/pixel_pool.py'
adding 'cephvr/acquisition/buffers/queue.py'
adding 'cephvr/acquisition/buffers/records.py'
adding 'cephvr/acquisition/buffers/resource_port.py'
adding 'cephvr/acquisition/buffers/ring.py'
adding 'cephvr/acquisition/buffers/ring_attachment.py'
adding 'cephvr/acquisition/camera/__init__.py'
adding 'cephvr/acquisition/camera/basler.py'
adding 'cephvr/acquisition/camera/errors.py'
adding 'cephvr/acquisition/camera/features.py'
adding 'cephvr/acquisition/camera/grab.py'
adding 'cephvr/acquisition/camera/metadata.py'
adding 'cephvr/acquisition/camera/native_formats.py'
adding 'cephvr/acquisition/camera/records.py'
adding 'cephvr/acquisition/camera/roi.py'
adding 'cephvr/acquisition/camera/settings.py'
adding 'cephvr/acquisition/camera/transport.py'
adding 'cephvr/acquisition/camera/types.py'
adding 'cephvr/acquisition/camera/wait.py'
adding 'cephvr/acquisition/config/__init__.py'
adding 'cephvr/acquisition/config/defaults.py'
adding 'cephvr/acquisition/config/file_policies.py'
adding 'cephvr/acquisition/config/policy.py'
adding 'cephvr/acquisition/config/validation.py'
adding 'cephvr/acquisition/config/validation_buffers.py'
adding 'cephvr/acquisition/config/validation_camera.py'
adding 'cephvr/acquisition/config/validation_pulse.py'
adding 'cephvr/acquisition/config/validation_values.py'
adding 'cephvr/acquisition/config/values.py'
adding 'cephvr/acquisition/coordinator/__init__.py'
adding 'cephvr/acquisition/coordinator/authority_failure.py'
adding 'cephvr/acquisition/coordinator/cleanup.py'
adding 'cephvr/acquisition/coordinator/cleanup_report.py'
adding 'cephvr/acquisition/coordinator/commands.py'
adding 'cephvr/acquisition/coordinator/configuration_resolution.py'
adding 'cephvr/acquisition/coordinator/evidence.py'
adding 'cephvr/acquisition/coordinator/evidence_cleanup.py'
adding 'cephvr/acquisition/coordinator/evidence_helpers.py'
adding 'cephvr/acquisition/coordinator/evidence_lifecycle.py'
adding 'cephvr/acquisition/coordinator/evidence_operations.py'
adding 'cephvr/acquisition/coordinator/evidence_ready.py'
adding 'cephvr/acquisition/coordinator/evidence_telemetry.py'
adding 'cephvr/acquisition/coordinator/health.py'
adding 'cephvr/acquisition/coordinator/incidents.py'
adding 'cephvr/acquisition/coordinator/manual_device_commands.py'
adding 'cephvr/acquisition/coordinator/manual_device_status.py'
adding 'cephvr/acquisition/coordinator/manual_devices.py'
adding 'cephvr/acquisition/coordinator/manual_operation_results.py'
adding 'cephvr/acquisition/coordinator/manual_preview.py'
adding 'cephvr/acquisition/coordinator/manual_preview_pulse.py'
adding 'cephvr/acquisition/coordinator/manual_preview_resources.py'
adding 'cephvr/acquisition/coordinator/manual_preview_setup.py'
adding 'cephvr/acquisition/coordinator/manual_preview_start.py'
adding 'cephvr/acquisition/coordinator/manual_preview_transfer.py'
adding 'cephvr/acquisition/coordinator/manual_pulse_observation.py'
adding 'cephvr/acquisition/coordinator/manual_pulses.py'
adding 'cephvr/acquisition/coordinator/manual_session_access.py'
adding 'cephvr/acquisition/coordinator/operations.py'
adding 'cephvr/acquisition/coordinator/prepared_functions.py'
adding 'cephvr/acquisition/coordinator/queries.py'
adding 'cephvr/acquisition/coordinator/recording_payload.py'
adding 'cephvr/acquisition/coordinator/session.py'
adding 'cephvr/acquisition/coordinator/session_catalogue.py'
adding 'cephvr/acquisition/coordinator/session_payloads.py'
adding 'cephvr/acquisition/coordinator/session_preparation.py'
adding 'cephvr/acquisition/coordinator/session_resources.py'
adding 'cephvr/acquisition/coordinator/session_tracking.py'
adding 'cephvr/acquisition/coordinator/session_validation.py'
adding 'cephvr/acquisition/coordinator/sessionless_cleanup.py'
adding 'cephvr/acquisition/coordinator/shutdown.py'
adding 'cephvr/acquisition/coordinator/trial_delivery.py'
adding 'cephvr/acquisition/coordinator/trial_helpers.py'
adding 'cephvr/acquisition/coordinator/trial_lifecycle.py'
adding 'cephvr/acquisition/coordinator/trial_preparation.py'
adding 'cephvr/acquisition/coordinator/trial_pulses.py'
adding 'cephvr/acquisition/coordinator/trial_schedule_release.py'
adding 'cephvr/acquisition/coordinator/trial_termination.py'
adding 'cephvr/acquisition/coordinator/trial_validation.py'
adding 'cephvr/acquisition/coordinator/trials.py'
adding 'cephvr/acquisition/coordinator/workers.py'
adding 'cephvr/acquisition/coordinator/state/__init__.py'
adding 'cephvr/acquisition/coordinator/state/aggregate.py'
adding 'cephvr/acquisition/coordinator/state/base.py'
adding 'cephvr/acquisition/coordinator/state/sessions.py'
adding 'cephvr/acquisition/coordinator/state/workers.py'
adding 'cephvr/acquisition/microcontroller/__init__.py'
adding 'cephvr/acquisition/microcontroller/bridge.py'
adding 'cephvr/acquisition/microcontroller/channel.py'
adding 'cephvr/acquisition/microcontroller/lazy_owner.py'
adding 'cephvr/acquisition/microcontroller/owner.py'
adding 'cephvr/acquisition/microcontroller/protocol.py'
adding 'cephvr/acquisition/microcontroller/pulses.py'
adding 'cephvr/acquisition/microcontroller/serial_port.py'
adding 'cephvr/acquisition/recording/__init__.py'
adding 'cephvr/acquisition/recording/capabilities.py'
adding 'cephvr/acquisition/recording/encoder.py'
adding 'cephvr/acquisition/recording/encoder_errors.py'
adding 'cephvr/acquisition/recording/encoder_probe.py'
adding 'cephvr/acquisition/recording/encoder_process.py'
adding 'cephvr/acquisition/recording/encoding.py'
adding 'cephvr/acquisition/recording/encoding_rules.py'
adding 'cephvr/acquisition/recording/encoding_types.py'
adding 'cephvr/acquisition/recording/encoding_validation.py'
adding 'cephvr/acquisition/recording/filter_expressions.py'
adding 'cephvr/acquisition/recording/filter_syntax.py'
adding 'cephvr/acquisition/recording/filters.py'
adding 'cephvr/acquisition/recording/frame_log.py'
adding 'cephvr/acquisition/recording/identity.py'
adding 'cephvr/acquisition/recording/negotiation.py'
adding 'cephvr/acquisition/recording/paths.py'
adding 'cephvr/acquisition/recording/pixel_formats.py'
adding 'cephvr/acquisition/recording/progress_watchdog.py'
adding 'cephvr/acquisition/recording/session.py'
adding 'cephvr/acquisition/recording/session_cleanup.py'
adding 'cephvr/acquisition/recording/session_completion.py'
adding 'cephvr/acquisition/recording/session_contracts.py'
adding 'cephvr/acquisition/recording/session_diagnostics.py'
adding 'cephvr/acquisition/recording/session_finalizer.py'
adding 'cephvr/acquisition/recording/session_outputs.py'
adding 'cephvr/acquisition/recording/session_prepare.py'
adding 'cephvr/acquisition/recording/session_pump.py'
adding 'cephvr/acquisition/recording/session_schedule.py'
adding 'cephvr/acquisition/recording/session_storage.py'
adding 'cephvr/acquisition/transport/__init__.py'
adding 'cephvr/acquisition/transport/admission.py'
adding 'cephvr/acquisition/transport/grpc_ports.py'
adding 'cephvr/acquisition/transport/server.py'
adding 'cephvr/acquisition/transport/services.py'
adding 'cephvr/acquisition/v1/__init__.py'
adding 'cephvr/acquisition/v1/camera_pb2.py'
adding 'cephvr/acquisition/v1/camera_pb2.pyi'
adding 'cephvr/acquisition/v1/camera_pb2_grpc.py'
adding 'cephvr/acquisition/v1/messages_pb2.py'
adding 'cephvr/acquisition/v1/messages_pb2.pyi'
adding 'cephvr/acquisition/v1/messages_pb2_grpc.py'
adding 'cephvr/acquisition/v1/microcontroller_pb2.py'
adding 'cephvr/acquisition/v1/microcontroller_pb2.pyi'
adding 'cephvr/acquisition/v1/microcontroller_pb2_grpc.py'
adding 'cephvr/acquisition/v1/runtime_pb2.py'
adding 'cephvr/acquisition/v1/runtime_pb2.pyi'
adding 'cephvr/acquisition/v1/runtime_pb2_grpc.py'
adding 'cephvr/acquisition/v1/services_pb2.py'
adding 'cephvr/acquisition/v1/services_pb2.pyi'
adding 'cephvr/acquisition/v1/services_pb2_grpc.py'
adding 'cephvr/acquisition/worker/__init__.py'
adding 'cephvr/acquisition/worker/bootstrap.py'
adding 'cephvr/acquisition/worker/camera_configuration.py'
adding 'cephvr/acquisition/worker/camera_resolution.py'
adding 'cephvr/acquisition/worker/capture.py'
adding 'cephvr/acquisition/worker/capture_runtime.py'
adding 'cephvr/acquisition/worker/cleanup_lifecycle.py'
adding 'cephvr/acquisition/worker/execution.py'
adding 'cephvr/acquisition/worker/frame_diagnostics.py'
adding 'cephvr/acquisition/worker/function_scopes.py'
adding 'cephvr/acquisition/worker/health.py'
adding 'cephvr/acquisition/worker/limits.py'
adding 'cephvr/acquisition/worker/main.py'
adding 'cephvr/acquisition/worker/owner.py'
adding 'cephvr/acquisition/worker/ports.py'
adding 'cephvr/acquisition/worker/preview_lifecycle.py'
adding 'cephvr/acquisition/worker/pulse_evidence.py'
adding 'cephvr/acquisition/worker/recording_fault.py'
adding 'cephvr/acquisition/worker/recording_handoff.py'
adding 'cephvr/acquisition/worker/recording_ports.py'
adding 'cephvr/acquisition/worker/recording_preparation.py'
adding 'cephvr/acquisition/worker/recording_runtime.py'
adding 'cephvr/acquisition/worker/recording_thread.py'
adding 'cephvr/acquisition/worker/registration.py'
adding 'cephvr/acquisition/worker/report_dispatch.py'
adding 'cephvr/acquisition/worker/reports.py'
adding 'cephvr/acquisition/worker/server.py'
adding 'cephvr/acquisition/worker/service.py'
adding 'cephvr/acquisition/worker/state.py'
adding 'cephvr/acquisition/worker/terminal_scope.py'
adding 'cephvr/acquisition/worker/transport_summary.py'
adding 'cephvr/acquisition/worker/trial_activity.py'
adding 'cephvr/acquisition/worker/trial_lifecycle.py'
adding 'cephvr/acquisition/worker/trial_recording_terminal.py'
adding 'cephvr/acquisition/worker/trial_state.py'
adding 'cephvr/acquisition/worker/trial_stop.py'
adding 'cephvr/acquisition/worker/warnings.py'
adding 'cephvr/client/__init__.py'
adding 'cephvr/client/__main__.py'
adding 'cephvr/client/main.py'
adding 'cephvr/client/session.py'
adding 'cephvr/control/__init__.py'
adding 'cephvr/control/v1/__init__.py'
adding 'cephvr/control/v1/native_transport_pb2.py'
adding 'cephvr/control/v1/native_transport_pb2.pyi'
adding 'cephvr/control/v1/native_transport_pb2_grpc.py'
adding 'cephvr/control/v1/services_pb2.py'
adding 'cephvr/control/v1/services_pb2.pyi'
adding 'cephvr/control/v1/services_pb2_grpc.py'
adding 'cephvr/control/v1/types_pb2.py'
adding 'cephvr/control/v1/types_pb2.pyi'
adding 'cephvr/control/v1/types_pb2_grpc.py'
adding 'cephvr/controller/__init__.py'
adding 'cephvr/controller/assembly.py'
adding 'cephvr/controller/authority.py'
adding 'cephvr/controller/backend.py'
adding 'cephvr/controller/configuration.py'
adding 'cephvr/controller/configuration_files.py'
adding 'cephvr/controller/evidence.py'
adding 'cephvr/controller/lifecycle_completion.py'
adding 'cephvr/controller/lifecycle_reports.py'
adding 'cephvr/controller/main.py'
adding 'cephvr/controller/planning.py'
adding 'cephvr/controller/ports.py'
adding 'cephvr/controller/preparation.py'
adding 'cephvr/controller/projections.py'
adding 'cephvr/controller/receipts.py'
adding 'cephvr/controller/recovery.py'
adding 'cephvr/controller/recovery_inspection.py'
adding 'cephvr/controller/resolution.py'
adding 'cephvr/controller/runtime.py'
adding 'cephvr/controller/service.py'
adding 'cephvr/controller/state.py'
adding 'cephvr/controller/supervision.py'
adding 'cephvr/controller/control/__init__.py'
adding 'cephvr/controller/control/configuration.py'
adding 'cephvr/controller/control/leases.py'
adding 'cephvr/controller/control/operations.py'
adding 'cephvr/controller/control/prompts.py'
adding 'cephvr/controller/control/snapshots.py'
adding 'cephvr/controller/device/__init__.py'
adding 'cephvr/controller/device/camera.py'
adding 'cephvr/controller/device/display.py'
adding 'cephvr/controller/device/owner_cleanup.py'
adding 'cephvr/controller/device/ports.py'
adding 'cephvr/controller/device/preview.py'
adding 'cephvr/controller/device/readback.py'
adding 'cephvr/controller/device/release_evidence.py'
adding 'cephvr/controller/device/status_retention.py'
adding 'cephvr/controller/device/views.py'
adding 'cephvr/controller/incident/__init__.py'
adding 'cephvr/controller/incident/coordination.py'
adding 'cephvr/controller/incident/registry.py'
adding 'cephvr/controller/incident/scope.py'
adding 'cephvr/controller/lifecycle/__init__.py'
adding 'cephvr/controller/lifecycle/acquisition_resolution.py'
adding 'cephvr/controller/lifecycle/activity.py'
adding 'cephvr/controller/lifecycle/cleanup.py'
adding 'cephvr/controller/lifecycle/commands.py'
adding 'cephvr/controller/lifecycle/evidence_wait.py'
adding 'cephvr/controller/lifecycle/handoffs.py'
adding 'cephvr/controller/lifecycle/interruption.py'
adding 'cephvr/controller/lifecycle/preparation_context.py'
adding 'cephvr/controller/lifecycle/setup_admission.py'
adding 'cephvr/controller/lifecycle/setup_execution.py'
adding 'cephvr/controller/lifecycle/setup_resolution.py'
adding 'cephvr/controller/lifecycle/start.py'
adding 'cephvr/controller/lifecycle/trials.py'
adding 'cephvr/controller/metadata/__init__.py'
adding 'cephvr/controller/metadata/coordination.py'
adding 'cephvr/controller/metadata/documents.py'
adding 'cephvr/controller/metadata/files.py'
adding 'cephvr/controller/metadata/reservation.py'
adding 'cephvr/controller/metadata/trial_logs.py'
adding 'cephvr/controller/metadata/types.py'
adding 'cephvr/controller/metadata/writer.py'
adding 'cephvr/controller/startup/__init__.py'
adding 'cephvr/controller/startup/application.py'
adding 'cephvr/controller/startup/bootstrap.py'
adding 'cephvr/controller/startup/monitor.py'
adding 'cephvr/controller/startup/providers.py'
adding 'cephvr/controller/startup/recovery.py'
adding 'cephvr/controller/transport/__init__.py'
adding 'cephvr/controller/transport/admission.py'
adding 'cephvr/controller/transport/auth.py'
adding 'cephvr/controller/transport/ingress.py'
adding 'cephvr/launcher/__init__.py'
adding 'cephvr/launcher/decisions.py'
adding 'cephvr/launcher/main.py'
adding 'cephvr/platform/__init__.py'
adding 'cephvr/platform/windows/__init__.py'
adding 'cephvr/platform/windows/atomics.py'
adding 'cephvr/platform/windows/bootstrap.py'
adding 'cephvr/platform/windows/byte_stream.py'
adding 'cephvr/platform/windows/byte_stream_factory.py'
adding 'cephvr/platform/windows/byte_stream_native.py'
adding 'cephvr/platform/windows/cephvr_atomics.dll'
adding 'cephvr/platform/windows/display_identity.py'
adding 'cephvr/platform/windows/durable.py'
adding 'cephvr/platform/windows/encoder_process.py'
adding 'cephvr/platform/windows/events.py'
adding 'cephvr/platform/windows/file_sync.py'
adding 'cephvr/platform/windows/guard.py'
adding 'cephvr/platform/windows/jobs.py'
adding 'cephvr/platform/windows/mappings.py'
adding 'cephvr/platform/windows/message_pipe.py'
adding 'cephvr/platform/windows/message_server.py'
adding 'cephvr/platform/windows/nvenc_api.py'
adding 'cephvr/platform/windows/nvenc_capabilities.py'
adding 'cephvr/platform/windows/nvenc_features.py'
adding 'cephvr/platform/windows/nvidia_device.py'
adding 'cephvr/platform/windows/resource_ledger.py'
adding 'cephvr/platform/windows/security.py'
adding 'cephvr/shared/__init__.py'
adding 'cephvr/shared/admission.py'
adding 'cephvr/shared/auth.py'
adding 'cephvr/shared/backend_bootstrap.py'
adding 'cephvr/shared/cleanup_outputs.py'
adding 'cephvr/shared/clock.py'
adding 'cephvr/shared/commands.py'
adding 'cephvr/shared/config.py'
adding 'cephvr/shared/credentials.py'
adding 'cephvr/shared/deadlines.py'
adding 'cephvr/shared/emergency.py'
adding 'cephvr/shared/encoder_errors.py'
adding 'cephvr/shared/encoder_io.py'
adding 'cephvr/shared/encoder_probe.py'
adding 'cephvr/shared/ffmpeg_arguments.py'
adding 'cephvr/shared/ffmpeg_capabilities.py'
adding 'cephvr/shared/ffmpeg_encoding_rules.py'
adding 'cephvr/shared/ffmpeg_filter_expressions.py'
adding 'cephvr/shared/ffmpeg_filter_syntax.py'
adding 'cephvr/shared/ffmpeg_filters.py'
adding 'cephvr/shared/ffmpeg_pixel_formats.py'
adding 'cephvr/shared/ffmpeg_types.py'
adding 'cephvr/shared/ffmpeg_validation.py'
adding 'cephvr/shared/identity.py'
adding 'cephvr/shared/incidents.py'
adding 'cephvr/shared/ingress.py'
adding 'cephvr/shared/recovery.py'
adding 'cephvr/shared/resources.py'
adding 'cephvr/shared/supervised_encoder.py'
adding 'cephvr/shared/transport_deadlines.py'
adding 'cephvr/shared/pixels/__init__.py'
adding 'cephvr/shared/pixels/preparer.py'
adding 'cephvr/shared/pixels/scaling.py'
adding 'cephvr/shared/pixels/types.py'
adding 'cephvr/supervisor/__init__.py'
adding 'cephvr/supervisor/acquisition_worker.py'
adding 'cephvr/supervisor/health.py'
adding 'cephvr/supervisor/main.py'
adding 'cephvr/supervisor/outbound.py'
adding 'cephvr/supervisor/ports.py'
adding 'cephvr/supervisor/process_exit.py'
adding 'cephvr/supervisor/receipts.py'
adding 'cephvr/supervisor/recovery.py'
adding 'cephvr/supervisor/registration.py'
adding 'cephvr/supervisor/registry.py'
adding 'cephvr/supervisor/runtime.py'
adding 'cephvr/supervisor/service.py'
adding 'cephvr/supervisor/shutdown.py'
adding 'cephvr/supervisor/startup.py'
adding 'cephvr/supervisor/state.py'
adding 'cephvr/supervisor/status.py'
adding 'cephvr/supervisor/visual_stimulus_worker.py'
adding 'cephvr/supervisor/worker_context.py'
adding 'cephvr/supervisor/worker_outbound.py'
adding 'cephvr/synchronization/__init__.py'
adding 'cephvr/synchronization/v1/__init__.py'
adding 'cephvr/synchronization/v1/spikeglx_pb2.py'
adding 'cephvr/synchronization/v1/spikeglx_pb2.pyi'
adding 'cephvr/synchronization/v1/spikeglx_pb2_grpc.py'
adding 'cephvr/tracking/__init__.py'
adding 'cephvr/tracking/configuration.py'
adding 'cephvr/tracking/main.py'
adding 'cephvr/tracking/recording_schema.py'
adding 'cephvr/tracking/runtime.py'
adding 'cephvr/tracking/types.py'
adding 'cephvr/tracking/config/__init__.py'
adding 'cephvr/tracking/config/annotations.py'
adding 'cephvr/tracking/config/files.py'
adding 'cephvr/tracking/config/pipeline.py'
adding 'cephvr/tracking/config/stages.py'
adding 'cephvr/tracking/config/validation.py'
adding 'cephvr/tracking/config/models/__init__.py'
adding 'cephvr/tracking/config/models/methods.py'
adding 'cephvr/tracking/config/models/records.py'
adding 'cephvr/tracking/coordinator/__init__.py'
adding 'cephvr/tracking/coordinator/commands.py'
adding 'cephvr/tracking/coordinator/ports.py'
adding 'cephvr/tracking/coordinator/projection.py'
adding 'cephvr/tracking/coordinator/reports.py'
adding 'cephvr/tracking/coordinator/state.py'
adding 'cephvr/tracking/coordinator/trials.py'
adding 'cephvr/tracking/feedback/__init__.py'
adding 'cephvr/tracking/feedback/delivery.py'
adding 'cephvr/tracking/feedback/transport.py'
adding 'cephvr/tracking/methods/__init__.py'
adding 'cephvr/tracking/methods/association.py'
adding 'cephvr/tracking/methods/contour.py'
adding 'cephvr/tracking/methods/flow_buffers.py'
adding 'cephvr/tracking/methods/geometry.py'
adding 'cephvr/tracking/methods/images.py'
adding 'cephvr/tracking/methods/landmarks.py'
adding 'cephvr/tracking/methods/model.py'
adding 'cephvr/tracking/methods/model_assets.py'
adding 'cephvr/tracking/methods/model_placement.py'
adding 'cephvr/tracking/methods/model_tensor.py'
adding 'cephvr/tracking/methods/nvidia.py'
adding 'cephvr/tracking/methods/outline.py'
adding 'cephvr/tracking/methods/proxy.py'
adding 'cephvr/tracking/methods/screening.py'
adding 'cephvr/tracking/native/__init__.py'
adding 'cephvr/tracking/native/cephvr_nvof.dll'
adding 'cephvr/tracking/native/nvof.py'
adding 'cephvr/tracking/processing/__init__.py'
adding 'cephvr/tracking/processing/frames.py'
adding 'cephvr/tracking/processing/gate.py'
adding 'cephvr/tracking/processing/history.py'
adding 'cephvr/tracking/processing/movement.py'
adding 'cephvr/tracking/processing/pose.py'
adding 'cephvr/tracking/processing/session.py'
adding 'cephvr/tracking/processing/source.py'
adding 'cephvr/tracking/recording/__init__.py'
adding 'cephvr/tracking/recording/codec.py'
adding 'cephvr/tracking/recording/results.py'
adding 'cephvr/tracking/recording/writer.py'
adding 'cephvr/tracking/transport/__init__.py'
adding 'cephvr/tracking/transport/boundary.py'
adding 'cephvr/tracking/transport/peers.py'
adding 'cephvr/tracking/transport/server.py'
adding 'cephvr/tracking/transport/services.py'
adding 'cephvr/tracking/v1/__init__.py'
adding 'cephvr/tracking/v1/methods_pb2.py'
adding 'cephvr/tracking/v1/methods_pb2.pyi'
adding 'cephvr/tracking/v1/methods_pb2_grpc.py'
adding 'cephvr/tracking/v1/pose_pb2.py'
adding 'cephvr/tracking/v1/pose_pb2.pyi'
adding 'cephvr/tracking/v1/pose_pb2_grpc.py'
adding 'cephvr/tracking/v1/preparation_pb2.py'
adding 'cephvr/tracking/v1/preparation_pb2.pyi'
adding 'cephvr/tracking/v1/preparation_pb2_grpc.py'
adding 'cephvr/tracking/v1/recording_pb2.py'
adding 'cephvr/tracking/v1/recording_pb2.pyi'
adding 'cephvr/tracking/v1/recording_pb2_grpc.py'
adding 'cephvr/tracking/v1/services_pb2.py'
adding 'cephvr/tracking/v1/services_pb2.pyi'
adding 'cephvr/tracking/v1/services_pb2_grpc.py'
adding 'cephvr/visual_stimulus/__init__.py'
adding 'cephvr/visual_stimulus/configuration.py'
adding 'cephvr/visual_stimulus/identity.py'
adding 'cephvr/visual_stimulus/main.py'
adding 'cephvr/visual_stimulus/recording_schema.py'
adding 'cephvr/visual_stimulus/runtime.py'
adding 'cephvr/visual_stimulus/worker_launcher.py'
adding 'cephvr/visual_stimulus/compiler/__init__.py'
adding 'cephvr/visual_stimulus/compiler/compile.py'
adding 'cephvr/visual_stimulus/compiler/durations.py'
adding 'cephvr/visual_stimulus/compiler/expansion.py'
adding 'cephvr/visual_stimulus/compiler/transitions.py'
adding 'cephvr/visual_stimulus/compiler/warnings.py'
adding 'cephvr/visual_stimulus/config/__init__.py'
adding 'cephvr/visual_stimulus/config/models/__init__.py'
adding 'cephvr/visual_stimulus/config/models/artifact_models.py'
adding 'cephvr/visual_stimulus/config/models/display_profile.py'
adding 'cephvr/visual_stimulus/config/models/evidence_model.py'
adding 'cephvr/visual_stimulus/config/models/parameter_catalogue.py'
adding 'cephvr/visual_stimulus/config/models/photometric_profile.py'
adding 'cephvr/visual_stimulus/config/models/program_model.py'
adding 'cephvr/visual_stimulus/config/models/schema_common.py'
adding 'cephvr/visual_stimulus/coordinator/__init__.py'
adding 'cephvr/visual_stimulus/coordinator/commands.py'
adding 'cephvr/visual_stimulus/coordinator/incidents.py'
adding 'cephvr/visual_stimulus/coordinator/obligations.py'
adding 'cephvr/visual_stimulus/coordinator/ports.py'
adding 'cephvr/visual_stimulus/coordinator/projection.py'
adding 'cephvr/visual_stimulus/coordinator/ready.py'
adding 'cephvr/visual_stimulus/coordinator/recipes.py'
adding 'cephvr/visual_stimulus/coordinator/reports.py'
adding 'cephvr/visual_stimulus/coordinator/state.py'
adding 'cephvr/visual_stimulus/feedback/__init__.py'
adding 'cephvr/visual_stimulus/feedback/arena.py'
adding 'cephvr/visual_stimulus/feedback/batch.py'
adding 'cephvr/visual_stimulus/feedback/consumer.py'
adding 'cephvr/visual_stimulus/feedback/credits.py'
adding 'cephvr/visual_stimulus/feedback/mapping.py'
adding 'cephvr/visual_stimulus/feedback/native.py'
adding 'cephvr/visual_stimulus/feedback/pipe_consumer.py'
adding 'cephvr/visual_stimulus/feedback/wire.py'
adding 'cephvr/visual_stimulus/recording/__init__.py'
adding 'cephvr/visual_stimulus/recording/capture.py'
adding 'cephvr/visual_stimulus/recording/capture_runtime.py'
adding 'cephvr/visual_stimulus/recording/completion.py'
adding 'cephvr/visual_stimulus/recording/encoder_owner.py'
adding 'cephvr/visual_stimulus/recording/encoding.py'
adding 'cephvr/visual_stimulus/recording/encoding_probe.py'
adding 'cephvr/visual_stimulus/recording/evidence.py'
adding 'cephvr/visual_stimulus/recording/evidence_records.py'
adding 'cephvr/visual_stimulus/recording/native.py'
adding 'cephvr/visual_stimulus/recording/outcomes.py'
adding 'cephvr/visual_stimulus/recording/recipe.py'
adding 'cephvr/visual_stimulus/recording/session.py'
adding 'cephvr/visual_stimulus/rendering/__init__.py'
adding 'cephvr/visual_stimulus/rendering/arena.py'
adding 'cephvr/visual_stimulus/rendering/arena_draw.py'
adding 'cephvr/visual_stimulus/rendering/arena_gpu.py'
adding 'cephvr/visual_stimulus/rendering/capture.py'
adding 'cephvr/visual_stimulus/rendering/capture_sync.py'
adding 'cephvr/visual_stimulus/rendering/color.py'
adding 'cephvr/visual_stimulus/rendering/diagnostics.py'
adding 'cephvr/visual_stimulus/rendering/engine.py'
adding 'cephvr/visual_stimulus/rendering/evidence.py'
adding 'cephvr/visual_stimulus/rendering/layer_projection.py'
adding 'cephvr/visual_stimulus/rendering/motion.py'
adding 'cephvr/visual_stimulus/rendering/native.py'
adding 'cephvr/visual_stimulus/rendering/native_display.py'
adding 'cephvr/visual_stimulus/rendering/projection.py'
adding 'cephvr/visual_stimulus/rendering/scene.py'
adding 'cephvr/visual_stimulus/rendering/scene_resources.py'
adding 'cephvr/visual_stimulus/rendering/shaders.py'
adding 'cephvr/visual_stimulus/rendering/state.py'
adding 'cephvr/visual_stimulus/rendering/types.py'
adding 'cephvr/visual_stimulus/rendering/upload.py'
adding 'cephvr/visual_stimulus/resources/__init__.py'
adding 'cephvr/visual_stimulus/resources/arena.py'
adding 'cephvr/visual_stimulus/resources/assets.py'
adding 'cephvr/visual_stimulus/resources/budget.py'
adding 'cephvr/visual_stimulus/resources/calibration.py'
adding 'cephvr/visual_stimulus/resources/ffv1_configuration.py'
adding 'cephvr/visual_stimulus/resources/glb.py'
adding 'cephvr/visual_stimulus/resources/glb_materials.py'
adding 'cephvr/visual_stimulus/resources/image_headers.py'
adding 'cephvr/visual_stimulus/resources/media.py'
adding 'cephvr/visual_stimulus/resources/prepare.py'
adding 'cephvr/visual_stimulus/resources/protected.py'
adding 'cephvr/visual_stimulus/resources/session.py'
adding 'cephvr/visual_stimulus/resources/uniforms.py'
adding 'cephvr/visual_stimulus/resources/video.py'
adding 'cephvr/visual_stimulus/resources/video_decoder.py'
adding 'cephvr/visual_stimulus/resources/video_index.py'
adding 'cephvr/visual_stimulus/resources/video_selection.py'
adding 'cephvr/visual_stimulus/resources/video_session.py'
adding 'cephvr/visual_stimulus/transport/__init__.py'
adding 'cephvr/visual_stimulus/transport/boundary.py'
adding 'cephvr/visual_stimulus/transport/messages.py'
adding 'cephvr/visual_stimulus/transport/peers.py'
adding 'cephvr/visual_stimulus/transport/pending.py'
adding 'cephvr/visual_stimulus/transport/server.py'
adding 'cephvr/visual_stimulus/transport/services.py'
adding 'cephvr/visual_stimulus/v1/__init__.py'
adding 'cephvr/visual_stimulus/v1/data_pb2.py'
adding 'cephvr/visual_stimulus/v1/data_pb2.pyi'
adding 'cephvr/visual_stimulus/v1/data_pb2_grpc.py'
adding 'cephvr/visual_stimulus/v1/messages_pb2.py'
adding 'cephvr/visual_stimulus/v1/messages_pb2.pyi'
adding 'cephvr/visual_stimulus/v1/messages_pb2_grpc.py'
adding 'cephvr/visual_stimulus/v1/plan_pb2.py'
adding 'cephvr/visual_stimulus/v1/plan_pb2.pyi'
adding 'cephvr/visual_stimulus/v1/plan_pb2_grpc.py'
adding 'cephvr/visual_stimulus/v1/runtime_pb2.py'
adding 'cephvr/visual_stimulus/v1/runtime_pb2.pyi'
adding 'cephvr/visual_stimulus/v1/runtime_pb2_grpc.py'
adding 'cephvr/visual_stimulus/v1/services_pb2.py'
adding 'cephvr/visual_stimulus/v1/services_pb2.pyi'
adding 'cephvr/visual_stimulus/v1/services_pb2_grpc.py'
adding 'cephvr/visual_stimulus/worker/__init__.py'
adding 'cephvr/visual_stimulus/worker/bootstrap.py'
adding 'cephvr/visual_stimulus/worker/cleanup.py'
adding 'cephvr/visual_stimulus/worker/display_initialization.py'
adding 'cephvr/visual_stimulus/worker/lifecycle.py'
adding 'cephvr/visual_stimulus/worker/main.py'
adding 'cephvr/visual_stimulus/worker/native.py'
adding 'cephvr/visual_stimulus/worker/owner.py'
adding 'cephvr/visual_stimulus/worker/ports.py'
adding 'cephvr/visual_stimulus/worker/preparation.py'
adding 'cephvr/visual_stimulus/worker/registration.py'
adding 'cephvr/visual_stimulus/worker/reporting.py'
adding 'cephvr/visual_stimulus/worker/runtime.py'
adding 'cephvr/visual_stimulus/worker/state.py'
adding 'cephvr/visual_stimulus/worker/timing.py'
adding 'cephvr/visual_stimulus/worker/trial_admissions.py'
adding 'cephvr/visual_stimulus/worker/trials.py'
adding 'cephvr-2.0.0.dev0.dist-info/METADATA'
adding 'cephvr-2.0.0.dev0.dist-info/WHEEL'
adding 'cephvr-2.0.0.dev0.dist-info/entry_points.txt'
adding 'cephvr-2.0.0.dev0.dist-info/top_level.txt'
adding 'cephvr-2.0.0.dev0.dist-info/RECORD'
removing build\bdist.win-amd64\wheel
Successfully built cephvr-2.0.0.dev0.tar.gz and cephvr-2.0.0.dev0-cp311-cp311-win_amd64.whl
