tests/acquisition/test_camera_adapter_contracts.py::test_adapter_construction_does_not_load_pypylon
tests/acquisition/test_camera_adapter_contracts.py::test_absent_sdk_node_is_optional_only_for_readback
tests/acquisition/test_camera_adapter_contracts.py::test_other_sdk_lookup_failure_is_not_hidden
tests/acquisition/test_camera_adapter_contracts.py::test_float_capability_respects_optional_increment[False]
tests/acquisition/test_camera_adapter_contracts.py::test_float_capability_respects_optional_increment[True]
tests/acquisition/test_camera_adapter_contracts.py::test_sdk_version_mismatch_is_explicit_and_does_not_import
tests/acquisition/test_camera_adapter_contracts.py::test_idle_control_wait_keeps_native_deadline_wake_and_close
tests/acquisition/test_camera_adapter_contracts.py::test_joint_wait_retains_control_priority_and_rounding[False]
tests/acquisition/test_camera_adapter_contracts.py::test_joint_wait_retains_control_priority_and_rounding[True]
tests/acquisition/test_camera_adapter_contracts.py::test_open_uses_exact_assigned_serial_not_enumeration_order
tests/acquisition/test_camera_adapter_contracts.py::test_trigger_timing_selects_and_verifies_exact_selector
tests/acquisition/test_camera_adapter_contracts.py::test_missing_trigger_mode_blocks_readiness
tests/acquisition/test_camera_adapter_contracts.py::test_rgb_pylon_name_and_device_symbol_resolve_same_layout
tests/acquisition/test_camera_adapter_contracts.py::test_native_color_result_uses_pylon_registry_not_device_symbol_registry
tests/acquisition/test_camera_adapter_contracts.py::test_connection_check_verifies_identity_and_preserves_existing_owner[CAM-1-False]
tests/acquisition/test_camera_adapter_contracts.py::test_connection_check_verifies_identity_and_preserves_existing_owner[CAM-1-True]
tests/acquisition/test_camera_adapter_contracts.py::test_connection_check_verifies_identity_and_preserves_existing_owner[wrong-False]
tests/acquisition/test_camera_adapter_contracts.py::test_connection_check_verifies_identity_and_preserves_existing_owner[wrong-True]
tests/acquisition/test_camera_adapter_contracts.py::test_connection_check_never_reports_success_after_release_failure
tests/acquisition/test_camera_adapter_contracts.py::test_first_pfs_import_opens_assigned_camera_and_retains_sdk_readback
tests/acquisition/test_cleanup_aggregation.py::test_cleanup_reports_never_dispatched_output_as_explicit_absence
tests/acquisition/test_cleanup_aggregation.py::test_cleanup_cannot_invent_never_started_for_dispatched_output
tests/acquisition/test_cleanup_aggregation.py::test_cleanup_preserves_exact_worker_output_result
tests/acquisition/test_cleanup_aggregation.py::test_cleanup_reports_keep_terminal_command_retention_after_session_expiry
tests/acquisition/test_cleanup_aggregation.py::test_cleanup_attempts_both_recipients_even_if_first_delivery_fails
tests/acquisition/test_cleanup_aggregation.py::test_retained_cleanup_query_survives_original_session_expiry
tests/acquisition/test_cleanup_aggregation.py::test_current_local_cleanup_proof_outlives_replay_payload_only
tests/acquisition/test_cleanup_aggregation.py::test_sessionless_cleanup_attempts_serial_off_while_worker_is_stalled
tests/acquisition/test_configuration.py::test_defaults_bind_owner_assigned_mcu_pins
tests/acquisition/test_configuration.py::test_microcontroller_io_pin_validation_keeps_disabled_drafts
tests/acquisition/test_configuration.py::test_disabled_acquisition_retains_future_camera_values_without_hardware
tests/acquisition/test_configuration.py::test_operator_trigger_source_is_loaded_only_when_present
tests/acquisition/test_configuration.py::test_pfs_source_filename_is_provenance_only_and_is_not_opened
tests/acquisition/test_configuration.py::test_file_policies_resolve_exact_units_and_preserve_deferred_margin
tests/acquisition/test_configuration.py::test_validation_rejects_duplicate_active_pin_and_empty_encoder_list
tests/acquisition/test_configuration.py::test_missing_required_device_ids_do_not_report_a_duplicate
tests/acquisition/test_configuration.py::test_controller_accepts_acquisition_validator_identity
tests/acquisition/test_configuration.py::test_loader_rejects_unknown_camera_roles_and_missing_required_limits
tests/acquisition/test_configuration.py::test_file_policy_rejects_invalid_watchdog_relationship_and_resolution
tests/acquisition/test_configuration.py::test_controller_shaped_confirmation_uses_original_command_as_parent
tests/acquisition/test_configuration.py::test_confirmation_must_match_every_reported_camera_and_pulse_readback
tests/acquisition/test_coordinator.py::test_trial_heartbeat_sets_only_trial_lifecycle_oneof
tests/acquisition/test_coordinator.py::test_connection_only_keepalive_requires_proven_stopped_outputs[False]
tests/acquisition/test_coordinator.py::test_connection_only_keepalive_requires_proven_stopped_outputs[True]
tests/acquisition/test_coordinator.py::test_connection_only_keepalive_requires_proven_stopped_outputs[None]
tests/acquisition/test_coordinator.py::test_launch_intent_survives_endpoint_registration_timeout
tests/acquisition/test_coordinator.py::test_acquisition_bootstrap_retains_exact_startup_policy_and_identities
tests/acquisition/test_coordinator.py::test_bootstrap_rejects_missing_or_nonpositive_wait[0-setup]
tests/acquisition/test_coordinator.py::test_bootstrap_rejects_missing_or_nonpositive_wait[0-setup_cancel]
tests/acquisition/test_coordinator.py::test_bootstrap_rejects_missing_or_nonpositive_wait[0-trial_ready]
tests/acquisition/test_coordinator.py::test_bootstrap_rejects_missing_or_nonpositive_wait[0-trial_finished]
tests/acquisition/test_coordinator.py::test_bootstrap_rejects_missing_or_nonpositive_wait[0-supervisor_registration]
tests/acquisition/test_coordinator.py::test_bootstrap_rejects_missing_or_nonpositive_wait[-1-setup]
tests/acquisition/test_coordinator.py::test_bootstrap_rejects_missing_or_nonpositive_wait[-1-setup_cancel]
tests/acquisition/test_coordinator.py::test_bootstrap_rejects_missing_or_nonpositive_wait[-1-trial_ready]
tests/acquisition/test_coordinator.py::test_bootstrap_rejects_missing_or_nonpositive_wait[-1-trial_finished]
tests/acquisition/test_coordinator.py::test_bootstrap_rejects_missing_or_nonpositive_wait[-1-supervisor_registration]
tests/acquisition/test_coordinator.py::test_acquisition_bootstrap_rejects_invalid_protected_values[control_policies-not-base64]
tests/acquisition/test_coordinator.py::test_acquisition_bootstrap_rejects_invalid_protected_values[max_message_bytes-0]
tests/acquisition/test_coordinator.py::test_acquisition_bootstrap_rejects_invalid_protected_values[endpoint_port-65536]
tests/acquisition/test_frame_diagnostic_tracker.py::test_frame_counter_gap_is_only_classified_for_frame_semantics
tests/acquisition/test_frame_diagnostic_tracker.py::test_native_counter_reset_rebaselines_without_synthesizing_missing_frames
tests/acquisition/test_frame_diagnostic_tracker.py::test_only_documented_counter_wrap_is_exempt_from_discontinuity
tests/acquisition/test_manual_devices.py::test_device_status_retry_replays_original_report_and_is_queryable
tests/acquisition/test_manual_devices.py::test_manual_configuration_requires_local_cleanup_proof_not_delivery_receipt
tests/acquisition/test_manual_devices.py::test_manual_mcu_connect_then_start_uses_controller_selected_pin
tests/acquisition/test_manual_devices.py::test_connection_check_retains_unknown_cleanup_until_worker_confirms
tests/acquisition/test_manual_devices.py::test_manual_command_installs_current_draft_but_rejects_stale_or_owned_changes
tests/acquisition/test_manual_preview.py::test_manual_preview_declares_exact_non_saving_capture_scope[1]
tests/acquisition/test_manual_preview.py::test_manual_preview_declares_exact_non_saving_capture_scope[2]
tests/acquisition/test_manual_preview.py::test_preview_resolution_preserves_sdk_failure_and_requires_evidence[False]
tests/acquisition/test_manual_preview.py::test_preview_resolution_preserves_sdk_failure_and_requires_evidence[True]
tests/acquisition/test_manual_preview.py::test_second_external_preview_pauses_existing_role_before_configuration
tests/acquisition/test_manual_preview.py::test_pause_with_attached_viewer_waits_for_exact_release
tests/acquisition/test_manual_preview.py::test_release_receipt_lifetime_starts_at_release_not_attach_completion
tests/acquisition/test_manual_preview.py::test_retired_tracking_preview_waits_for_both_rings_in_either_release_order
tests/acquisition/test_manual_preview.py::test_tracking_worker_attachment_preserves_resource_ledger_transfer_id
tests/acquisition/test_microcontroller_owner.py::test_native_serial_write_uses_remaining_command_budget_without_read_reconfiguration
tests/acquisition/test_microcontroller_owner.py::test_expired_owner_call_keeps_serial_gate_until_blocked_call_returns
tests/acquisition/test_microcontroller_owner.py::test_waiting_owner_calls_cannot_overwrite_or_steal_the_exclusive_gate
tests/acquisition/test_microcontroller_owner.py::test_reconnect_explicitly_stops_running_outputs_and_reads_back_status
tests/acquisition/test_microcontroller_owner.py::test_expired_close_still_releases_serial_handle_without_claiming_timely_stop
tests/acquisition/test_microcontroller_owner.py::test_expired_startup_failure_still_releases_serial_handle
tests/acquisition/test_microcontroller_owner.py::test_bounded_trial_output_diagnostic_uses_one_serial_owner
tests/acquisition/test_microcontroller_owner.py::test_flip_input_requires_firmware_advertised_interrupt_pin
tests/acquisition/test_microcontroller_owner.py::test_reserved_off_blocks_routine_status_and_dispatches_with_original_deadline
tests/acquisition/test_microcontroller_owner.py::test_lazy_connection_closes_previous_com_before_opening_new_selection
tests/acquisition/test_microcontroller_protocol.py::test_v2_reply_accepts_multiple_spaces_and_caps_pin_list
tests/acquisition/test_microcontroller_protocol.py::test_caps_rejects_input_pin_outside_advertised_pins
tests/acquisition/test_microcontroller_protocol.py::test_diagnostic_reply_requires_exact_kind_pin_and_edge_shape
tests/acquisition/test_microcontroller_protocol.py::test_channel_ignores_stale_ids_and_drains_fragmented_bounded_replies
tests/acquisition/test_microcontroller_protocol.py::test_dispatched_request_without_ack_is_timed_out_with_dispatch_evidence
tests/acquisition/test_microcontroller_protocol.py::test_partial_write_fails_after_dispatch_without_acknowledgement
tests/acquisition/test_microcontroller_protocol.py::test_cancellation_waits_for_blocked_call_return_and_is_not_off_evidence
tests/acquisition/test_microcontroller_protocol.py::test_malformed_matched_ack_has_no_ack_timestamp_or_fabricated_state
tests/acquisition/test_microcontroller_protocol.py::test_watchdog_stopped_off_retains_stop_state_and_matched_ack
tests/acquisition/test_pulse_evidence.py::test_applied_command_updates_only_state_on_same_mcu_observation[True]
tests/acquisition/test_pulse_evidence.py::test_applied_command_updates_only_state_on_same_mcu_observation[False]
tests/acquisition/test_pulse_evidence.py::test_unmatched_connection_or_non_applied_outcome_is_not_adopted
tests/acquisition/test_pulse_evidence.py::test_required_pulse_evidence_needs_applied_on_and_off[rejected]
tests/acquisition/test_pulse_evidence.py::test_required_pulse_evidence_needs_applied_on_and_off[timed_out]
tests/acquisition/test_pulse_evidence.py::test_required_pulse_evidence_needs_applied_on_and_off[failed]
tests/acquisition/test_pulse_evidence.py::test_required_pulse_evidence_requires_both_acknowledgements
tests/acquisition/test_pulse_evidence.py::test_off_ack_does_not_forge_a_full_status_timestamp
tests/acquisition/test_pulse_evidence.py::test_terminal_pulse_retry_is_idempotent_and_conflict_cannot_replace_it
tests/acquisition/test_pulse_evidence.py::test_unspecified_terminal_pulse_does_not_mutate_retained_evidence
tests/acquisition/test_recording_capabilities.py::test_probe_uses_setup_identity_and_reports_exact_local_release
tests/acquisition/test_recording_capabilities.py::test_nvenc_rate_control_mask_uses_enum_values
tests/acquisition/test_recording_capabilities.py::test_mp4_muxer_help_reads_only_flag_constants_under_movflags
tests/acquisition/test_recording_capabilities.py::test_encoder_help_retains_declaration_line_bounds_and_video_aliases
tests/acquisition/test_recording_capabilities.py::test_selected_encoder_does_not_inherit_other_encoders_private_options
tests/acquisition/test_recording_capabilities.py::test_output_beyond_device_dimensions_is_rejected[size0]
tests/acquisition/test_recording_capabilities.py::test_output_beyond_device_dimensions_is_rejected[size1]
tests/acquisition/test_recording_capabilities.py::test_device_limits_apply_after_explicit_filtering[filter_size0]
tests/acquisition/test_recording_capabilities.py::test_device_limits_apply_after_explicit_filtering[filter_size1]
tests/acquisition/test_recording_capabilities.py::test_filter_cannot_enlarge_output_beyond_device_limit
tests/acquisition/test_recording_capabilities.py::test_missing_or_invalid_device_dimension_evidence_blocks_preparation[None]
tests/acquisition/test_recording_capabilities.py::test_missing_or_invalid_device_dimension_evidence_blocks_preparation[limits1]
tests/acquisition/test_recording_capabilities.py::test_missing_or_invalid_device_dimension_evidence_blocks_preparation[limits2]
tests/acquisition/test_recording_capabilities.py::test_invalid_options_raise_the_encoding_boundary_error[invalid]
tests/acquisition/test_recording_capabilities.py::test_invalid_options_raise_the_encoding_boundary_error[fraction]
tests/acquisition/test_recording_capabilities.py::test_invalid_options_raise_the_encoding_boundary_error[huge_integer]
tests/acquisition/test_recording_capabilities.py::test_invalid_options_raise_the_encoding_boundary_error[infinite_bitrate]
tests/acquisition/test_recording_capabilities.py::test_invalid_options_raise_the_encoding_boundary_error[alias_duplicate]
tests/acquisition/test_recording_capabilities.py::test_invalid_options_raise_the_encoding_boundary_error[metadata_duplicate]
tests/acquisition/test_recording_capabilities.py::test_invalid_options_raise_the_encoding_boundary_error[reserved_metadata]
tests/acquisition/test_recording_cleanup.py::test_pre_t_cancel_preserves_unowned_replacement_and_closes_video_handle
tests/acquisition/test_recording_cleanup.py::test_terminal_write_is_fenced_and_late_video_handle_is_closed
tests/acquisition/test_recording_cleanup.py::test_progress_watchdog_bounds_blocked_input_while_records_are_pending
tests/acquisition/test_recording_cleanup.py::test_overload_dropped_frame_is_still_logged_without_encoder_write
tests/acquisition/test_recording_cleanup.py::test_all_dropped_run_uses_only_explicit_never_created_predicate
tests/acquisition/test_recording_cleanup.py::test_exact_path_replacement_never_proves_encoder_output_closure
tests/acquisition/test_recording_cleanup.py::test_recording_fault_retains_real_outputs_and_original_cleanup_deadline
tests/acquisition/test_recording_filter_expressions.py::test_dimensions_resolve_oh_dependency_without_substituting_input_height
tests/acquisition/test_recording_filter_expressions.py::test_dimension_parser_rejects_cycles_and_non_ffmpeg_expressions[oh-ow]
tests/acquisition/test_recording_filter_expressions.py::test_dimension_parser_rejects_cycles_and_non_ffmpeg_expressions[max(1)-ih]
tests/acquisition/test_recording_filter_expressions.py::test_dimension_parser_rejects_cycles_and_non_ffmpeg_expressions[iw//2-ih]
tests/acquisition/test_recording_filter_expressions.py::test_shipped_rgb_to_yuv_default_filter_chain_has_explicit_output_matrix
tests/acquisition/test_recording_filter_expressions.py::test_shipped_gray_to_yuv_default_filter_chain_needs_no_input_yuv_matrix
tests/acquisition/test_recording_negotiation.py::test_accepts_exact_live_input_and_filtered_output_streams
tests/acquisition/test_recording_negotiation.py::test_rejects_live_encoder_substitution
tests/acquisition/test_recording_negotiation.py::test_incomplete_dimensions_do_not_count_as_negotiation
tests/acquisition/test_recording_negotiation.py::test_stream_analysis_may_finish_after_a_later_input_packet
tests/acquisition/test_recording_negotiation.py::test_reader_drains_terminal_stream_data_after_idle_timeout
tests/acquisition/test_recording_paths.py::test_valid_backend_context_and_exact_scheduled_paths_are_accepted
tests/acquisition/test_recording_paths.py::test_non_acquisition_backend_context_is_rejected
tests/acquisition/test_recording_paths.py::test_stale_backend_generation_is_rejected
tests/acquisition/test_recording_payload.py::test_recording_payload_resolves_tools_depth_and_queue
tests/acquisition/test_recording_payload.py::test_recording_payload_rejects_depth_identity_and_policy_ambiguity
tests/acquisition/test_recording_payload.py::test_disabled_or_save_off_camera_needs_no_encoder_discovery
tests/acquisition/test_session_preparation.py::test_session_handoff_closes_manual_serial_owner_without_camera_workers
tests/acquisition/test_session_preparation.py::test_setup_accepts_zero_revision_when_tracking_is_inactive
tests/acquisition/test_session_preparation.py::test_setup_requires_tracking_camera_only_for_enabled_tracking_backend
tests/acquisition/test_session_preparation.py::test_tracking_camera_alone_does_not_imply_a_tracking_consumer
tests/acquisition/test_session_preparation.py::test_setup_retains_exact_acquisition_output_reservations
tests/acquisition/test_session_preparation.py::test_setup_rejects_incomplete_output_closure_before_ready
tests/acquisition/test_transport_admission.py::test_worker_plan_transmits_the_protected_child_credential
tests/acquisition/test_transport_admission.py::test_worker_plan_transport_rejection_reaches_the_command_owner
tests/acquisition/test_transport_admission.py::test_retry_reuses_one_admission_and_original_deadline
tests/acquisition/test_transport_admission.py::test_rpc_method_is_part_of_canonical_command_identity
tests/acquisition/test_transport_admission.py::test_concurrent_replay_gets_short_admission_for_one_owned_operation
tests/acquisition/test_transport_admission.py::test_late_executor_failure_preserves_admission_and_retains_terminal_operation
tests/acquisition/test_transport_admission.py::test_expired_new_command_is_rejected_but_expired_retry_replays_receipt
tests/acquisition/test_trial_lifecycle.py::test_safety_fanout_survives_off_failure_and_missing_worker[False]
tests/acquisition/test_trial_lifecycle.py::test_safety_fanout_survives_off_failure_and_missing_worker[True]
tests/acquisition/test_trial_lifecycle.py::test_finished_cutoff_uses_retained_early_stop_time
tests/acquisition/test_trial_lifecycle.py::test_terminal_pulse_acceptance_requires_exact_boundary_and_ack
tests/acquisition/test_trial_lifecycle.py::test_no_frames_video_exception_requires_closed_exact_frame_log
tests/acquisition/test_trial_lifecycle.py::test_saved_started_requires_recording_activity_until_exact_scope_is_fenced
tests/acquisition/test_trial_lifecycle.py::test_trial_delivery_retains_evidence_and_original_retry_budget[rejection-started]
tests/acquisition/test_trial_lifecycle.py::test_trial_delivery_retains_evidence_and_original_retry_budget[rejection-stopped]
tests/acquisition/test_trial_lifecycle.py::test_trial_delivery_retains_evidence_and_original_retry_budget[rejection-finished]
tests/acquisition/test_trial_lifecycle.py::test_trial_delivery_retains_evidence_and_original_retry_budget[transport-started]
tests/acquisition/test_trial_lifecycle.py::test_trial_delivery_retains_evidence_and_original_retry_budget[transport-stopped]
tests/acquisition/test_trial_lifecycle.py::test_trial_delivery_retains_evidence_and_original_retry_budget[transport-finished]
tests/acquisition/test_trial_lifecycle.py::test_trial_delivery_retains_evidence_and_original_retry_budget[exhausted-started]
tests/acquisition/test_trial_lifecycle.py::test_trial_delivery_retains_evidence_and_original_retry_budget[exhausted-stopped]
tests/acquisition/test_trial_lifecycle.py::test_trial_delivery_retains_evidence_and_original_retry_budget[exhausted-finished]
tests/acquisition/test_trial_lifecycle.py::test_finished_delivery_rejects_stale_scope_before_output_retention[session]
tests/acquisition/test_trial_lifecycle.py::test_finished_delivery_rejects_stale_scope_before_output_retention[trial]
tests/acquisition/test_trial_lifecycle.py::test_finished_delivery_rejects_stale_scope_before_output_retention[report]
tests/acquisition/test_trial_lifecycle.py::test_finished_delivery_rejects_stale_scope_before_output_retention[no_session]
tests/acquisition/test_trial_lifecycle.py::test_finished_aggregation_delivers_current_trial_once
tests/acquisition/test_worker_admission.py::test_setup_catalogue_retains_exact_worker_output_fault_closure
tests/acquisition/test_worker_admission.py::test_setup_catalogue_rejects_an_incomplete_transitive_recording_closure
tests/acquisition/test_worker_admission.py::test_stop_pulse_and_cleanup_evidence_fit_safety_reserve_after_normal_saturation
tests/acquisition/test_worker_admission.py::test_ordinary_coordinator_evidence_cannot_consume_reserved_cleanup_capacity
tests/acquisition/test_worker_admission.py::test_finalized_cleanup_allows_retained_shutdown_but_rejects_new_normal_work
tests/acquisition/test_worker_admission.py::test_repeated_connection_checks_leave_capacity_for_pfs_and_release
tests/acquisition/test_worker_foundations.py::test_queue_drops_oldest_pixels_and_preserves_ordered_rows
tests/acquisition/test_worker_foundations.py::test_pending_record_capacity_fences_instead_of_losing_accounting
tests/acquisition/test_worker_foundations.py::test_warning_view_is_cumulative_and_unavailability_counts_transitions
tests/acquisition/test_worker_foundations.py::test_warning_text_is_bounded_without_splitting_utf8
tests/acquisition/test_worker_foundations.py::test_worker_control_limits_follow_shared_transport_ceiling
tests/acquisition/test_worker_foundations.py::test_priority_lifecycle_evidence_uses_the_reserved_safety_budget
tests/acquisition/test_worker_foundations.py::test_continuous_invalid_result_stream_cannot_suppress_silence_deadline
tests/acquisition/test_worker_foundations.py::test_early_cutoff_retrieval_is_excluded_from_trial_accounting
tests/acquisition/test_worker_foundations.py::test_cancel_after_release_before_t_prevents_later_camera_start
tests/acquisition/test_worker_foundations.py::test_capture_stop_retains_first_cutoff_and_original_deadline
tests/acquisition/test_worker_foundations.py::test_consecutive_non_saving_trials_reset_shared_trial_state
tests/acquisition/test_worker_foundations.py::test_health_ages_owner_published_capture_snapshot_without_runtime_reads
tests/acquisition/test_worker_ring_regressions.py::test_ring_publish_read_lap_reset_and_retirement_are_run_bound
tests/acquisition/test_worker_ring_regressions.py::test_ring_copy_recheck_reports_torn_when_slot_generation_changes
tests/acquisition/test_worker_ring_regressions.py::test_ring_read_does_not_accept_copy_if_run_changes_during_copy
tests/acquisition/test_worker_ring_regressions.py::test_ring_retirement_cannot_be_cleared_by_stale_flag_update
tests/acquisition/test_worker_ring_regressions.py::test_event_creation_failure_retains_unclosed_mapping_ownership
tests/client/test_controller_rpc.py::test_forged_credentials_are_rejected
tests/client/test_controller_rpc.py::test_spikeglx_diagnostic_requires_authenticated_client
tests/client/test_controller_rpc.py::test_spikeglx_inventory_rpc_auth_lease_revision_and_digest_guards
tests/client/test_controller_rpc.py::test_spikeglx_timeout_does_not_start_a_second_native_call
tests/client/test_controller_rpc.py::test_gui_observes_before_explicit_control_claim
tests/client/test_controller_rpc.py::test_gui_can_save_current_configuration_history_on_close
tests/client/test_controller_rpc.py::test_control_takeover_and_real_missing_backend_rejection
tests/client/test_controller_rpc.py::test_pending_setup_cancel_and_prompt_response_are_independent_loopback_commands
tests/client/test_state_views.py::test_stream_must_receive_matching_configuration
tests/client/test_state_views.py::test_older_view_cannot_roll_back_and_generation_change_requires_new_stream
tests/client/test_state_views.py::test_views_do_not_alias_transport_messages
tests/client/test_state_views.py::test_confirmed_command_survives_subsequent_stream_failure
tests/controller/test_activity_evidence.py::test_visual_stimulus_started_requires_returned_activity_for_every_prepared_output
tests/controller/test_activity_evidence.py::test_camera_started_cannot_use_one_worker_twice_or_an_unregistered_generation
tests/controller/test_activity_evidence.py::test_tracking_baseline_only_evaluation_with_frame_zero_is_real_activity
tests/controller/test_activity_evidence.py::test_interruption_retains_actual_local_cutoff_before_global_issuance
tests/controller/test_activity_evidence.py::test_normal_stop_requires_scheduled_cutoff_and_visual_stimulus_idle
tests/controller/test_authority.py::test_descendants_are_retained_and_exited_before_gui_group
tests/controller/test_authority.py::test_unknown_membership_never_becomes_verified_absence_or_unbounded_wait
tests/controller/test_authority.py::test_bootstrap_job_inventory_is_exact_and_never_accepts_outer_job
tests/controller/test_camera_configuration.py::test_camera_failure_retains_original_device_reason
tests/controller/test_camera_configuration.py::test_exact_camera_status_after_deadline_is_retained_and_adopted_if_newer
tests/controller/test_camera_configuration.py::test_exact_duplicate_resolution_after_adoption_is_accepted
tests/controller/test_camera_configuration.py::test_manual_readback_rejection_leaves_configuration_untouched
tests/controller/test_camera_configuration.py::test_manual_readback_acceptance_commits_and_bumps_revision
tests/controller/test_camera_configuration.py::test_setup_rejected_while_camera_preview_or_operation_open[preview]
tests/controller/test_camera_configuration.py::test_setup_rejected_while_camera_preview_or_operation_open[operation]
tests/controller/test_camera_configuration.py::test_setup_not_blocked_by_camera_guard_when_closed
tests/controller/test_camera_configuration.py::test_camera_participation_can_precede_settings_validation[]
tests/controller/test_camera_configuration.py::test_camera_participation_can_precede_settings_validation[settings]
tests/controller/test_camera_configuration.py::test_camera_participation_can_precede_settings_validation[experiment]
tests/controller/test_camera_configuration.py::test_camera_setting_edit_rejected_while_preview_open
tests/controller/test_camera_configuration.py::test_rejected_readback_confirmation_keeps_prior_configuration
tests/controller/test_camera_configuration.py::test_accepted_readback_confirmation_commits_and_bumps_revision
tests/controller/test_camera_evidence.py::test_initial_camera_warning_scope_matches_loaded_configuration
tests/controller/test_camera_evidence.py::test_microcontroller_status_completes_exact_operator_operation
tests/controller/test_camera_evidence.py::test_terminal_camera_report_retires_slot_but_retains_exact_evidence[False-False]
tests/controller/test_camera_evidence.py::test_terminal_camera_report_retires_slot_but_retains_exact_evidence[False-True]
tests/controller/test_camera_evidence.py::test_terminal_camera_report_retires_slot_but_retains_exact_evidence[True-False]
tests/controller/test_camera_evidence.py::test_terminal_camera_report_retires_slot_but_retains_exact_evidence[True-True]
tests/controller/test_camera_evidence.py::test_deadline_with_retained_terminal_but_no_confirmation_frees_slot
tests/controller/test_camera_evidence.py::test_deadline_without_terminal_adopts_retained_result
tests/controller/test_camera_evidence.py::test_deadline_without_result_frees_unconfirmed_with_warning
tests/controller/test_camera_evidence.py::test_first_exact_report_for_slot_freed_operation_is_retained
tests/controller/test_camera_evidence.py::test_late_terminal_report_never_replaces_a_newer_current_view
tests/controller/test_camera_evidence.py::test_late_exact_stop_success_confirms_owner_release
tests/controller/test_camera_evidence.py::test_shared_release_predicates_require_a_closed_device
tests/controller/test_camera_evidence.py::test_owner_cleanup_accepts_both_explicitly_closed_camera_roles
tests/controller/test_camera_evidence.py::test_camera_policy_must_be_unique
tests/controller/test_camera_evidence.py::test_owner_loss_retention_uses_the_safety_reserve
tests/controller/test_camera_evidence.py::test_owner_cleanup_failure_retries_with_warning_and_no_interruption
tests/controller/test_camera_evidence.py::test_stopped_preview_is_not_released_while_camera_remains_open
tests/controller/test_camera_evidence.py::test_connection_check_requires_confirmed_cleanup[False]
tests/controller/test_camera_evidence.py::test_connection_check_requires_confirmed_cleanup[True]
tests/controller/test_camera_evidence.py::test_acquisition_reporter_completes_preview_with_idle_other_camera[False]
tests/controller/test_camera_evidence.py::test_acquisition_reporter_completes_preview_with_idle_other_camera[True]
tests/controller/test_camera_evidence.py::test_active_preview_requires_valid_run_identity[False-]
tests/controller/test_camera_evidence.py::test_active_preview_requires_valid_run_identity[False-invalid]
tests/controller/test_camera_evidence.py::test_active_preview_requires_valid_run_identity[True-]
tests/controller/test_camera_evidence.py::test_active_preview_requires_valid_run_identity[True-invalid]
tests/controller/test_command_admission.py::test_rejected_abort_then_accepted_abort_same_session
tests/controller/test_command_admission.py::test_rejected_stop_after_trial_then_start_session_accepted
tests/controller/test_command_admission.py::test_same_id_retry_returns_retained_rejection_and_prunes_later
tests/controller/test_command_admission.py::test_failed_execution_does_not_finalize_session_scope
tests/controller/test_command_admission.py::test_missing_expected_work_rejected_for_work_commands
tests/controller/test_command_admission.py::test_matching_session_and_trial_accepted
tests/controller/test_command_admission.py::test_stale_trial_or_wrong_session_rejected_for_ordinary
tests/controller/test_command_admission.py::test_safety_commands_accept_stale_trial_of_same_session_only
tests/controller/test_command_admission.py::test_no_attempt_needs_no_expected_work
tests/controller/test_command_admission.py::test_cancelled_caller_does_not_cancel_owned_command_or_duplicate_it
tests/controller/test_command_admission.py::test_interruption_precedes_queued_report_and_keeps_observed_time
tests/controller/test_command_admission.py::test_safety_command_has_bounded_reserved_admission_when_ordinary_ledger_is_full
tests/controller/test_configuration.py::test_subject_metadata_numeric_bounds[0.0-1.0-True]
tests/controller/test_configuration.py::test_subject_metadata_numeric_bounds[nan-1.0-False]
tests/controller/test_configuration.py::test_subject_metadata_numeric_bounds[-1.0-1.0-False]
tests/controller/test_configuration.py::test_subject_metadata_numeric_bounds[1.0-0.0-False]
tests/controller/test_configuration.py::test_subject_metadata_numeric_bounds[1.0-inf-False]
tests/controller/test_configuration.py::test_loader_binds_exact_file_timing_and_budget
tests/controller/test_configuration.py::test_loader_preserves_explicit_saved_false
tests/controller/test_configuration.py::test_loader_preserves_explicit_acquisition_false_and_empty_arguments
tests/controller/test_configuration.py::test_loader_rejects_removed_key_and_policy_mismatch
tests/controller/test_configuration.py::test_enabled_backend_without_pure_validator_is_unavailable
tests/controller/test_configuration.py::test_loader_rejects_fractional_nanosecond_duration
tests/controller/test_configuration.py::test_loader_rejects_unimplemented_fixed_policy[contracts/policy/experiment_policy.toml-automatic_adapter_fallback = false-automatic_adapter_fallback = true]
tests/controller/test_configuration.py::test_loader_rejects_unimplemented_fixed_policy[contracts/policy/experiment_policy.toml-continuable_failure = "operator_continue_or_abort"-continuable_failure = "automatic_continue"]
tests/controller/test_configuration.py::test_loader_rejects_unimplemented_fixed_policy[contracts/policy/supervisor_policy.toml-application_job_kill_on_close = true-application_job_kill_on_close = false]
tests/controller/test_configuration.py::test_corrupt_saved_history_kept_and_reported_without_fabricating_mode
tests/controller/test_configuration.py::test_saved_history_bound_uses_configured_message_limit
tests/controller/test_configuration.py::test_unknown_empty_toml_table_is_rejected
tests/controller/test_configuration_transactions.py::test_setup_freezes_edited_recording_root_into_reservation_and_session_config
tests/controller/test_configuration_transactions.py::test_setup_disk_check_uses_frozen_root
tests/controller/test_configuration_transactions.py::test_setup_rejects_unset_or_invalid_recording_root[unset]
tests/controller/test_configuration_transactions.py::test_setup_rejects_unset_or_invalid_recording_root[blank]
tests/controller/test_configuration_transactions.py::test_setup_rejects_unset_or_invalid_recording_root[relative]
tests/controller/test_configuration_transactions.py::test_setup_rejects_unset_or_invalid_recording_root[missing]
tests/controller/test_configuration_transactions.py::test_setup_rejects_unset_or_invalid_recording_root[symlink]
tests/controller/test_configuration_transactions.py::test_rejected_edit_reports_first_validation_field
tests/controller/test_configuration_transactions.py::test_update_configuration_admission_rejects_setting_up
tests/controller/test_configuration_transactions.py::test_installed_visual_stimulus_policy_is_shared_by_edit_and_setup
tests/controller/test_configuration_transactions.py::test_commit_racing_setup_or_ready_checks_phase_again[2-False]
tests/controller/test_configuration_transactions.py::test_commit_racing_setup_or_ready_checks_phase_again[3-True]
tests/controller/test_configuration_transactions.py::test_commit_racing_start_is_rejected_unchanged[4]
tests/controller/test_configuration_transactions.py::test_commit_racing_start_is_rejected_unchanged[5]
tests/controller/test_configuration_transactions.py::test_commit_in_configuration_phase_just_commits
tests/controller/test_configuration_transactions.py::test_setup_request_uses_prepared_backend_settings_not_live
tests/controller/test_configuration_transactions.py::test_wait_evidence_accepts_satisfied_predicate_past_wall_deadline
tests/controller/test_configuration_transactions.py::test_wait_evidence_still_times_out_when_evidence_missing
tests/controller/test_configuration_transactions.py::test_timed_out_save_cannot_overwrite_a_newer_save
tests/controller/test_configuration_transactions.py::test_concurrent_history_saves_do_not_overlap
tests/controller/test_control_leases.py::test_watch_loss_releases_control_and_keeps_accepted_work[1]
tests/controller/test_control_leases.py::test_watch_loss_releases_control_and_keeps_accepted_work[5]
tests/controller/test_control_leases.py::test_takeover_and_release_invalidate_old_generation
tests/controller/test_device_admission.py::test_camera_admission_failure_keeps_slot_until_deadline
tests/controller/test_device_admission.py::test_display_capacity_race_leaves_no_display_state_and_warns
tests/controller/test_device_admission.py::test_display_capacity_early_uses_ordinary_rule_and_warns
tests/controller/test_device_admission.py::test_display_initialization_still_dispatches_with_capacity
tests/controller/test_entrypoint.py::test_controller_module_enters_cli_without_starting_devices
tests/controller/test_handoffs.py::test_handoff_is_acyclic_and_requires_exact_attachment_proof
tests/controller/test_handoffs.py::test_changed_retry_replacement_and_retirement_cannot_restore_setup
tests/controller/test_handoffs.py::test_warning_retries_preserve_absolute_counts_and_complete_scope
tests/controller/test_handoffs.py::test_preview_transfer_is_private_and_retired_attachment_only_releases
tests/controller/test_handoffs.py::test_camera_readback_is_atomic_and_preserves_requested_pulse_frequency
tests/controller/test_incident_scope.py::test_confirmed_full_nonessential_loss_skips_only_its_backend
tests/controller/test_incident_scope.py::test_pending_incident_preserves_next_valid_trial_until_original_deadline
tests/controller/test_incident_scope.py::test_reconfirmation_replaces_incident_in_scope_and_plans
tests/controller/test_incident_scope.py::test_confirmed_incident_is_not_reconfirmed[True]
tests/controller/test_incident_scope.py::test_confirmed_incident_is_not_reconfirmed[False]
tests/controller/test_lifecycle_commands.py::test_interrupt_during_finalize_joins_the_one_task
tests/controller/test_lifecycle_commands.py::test_shutdown_after_ended_completes_without_relabel[1]
tests/controller/test_lifecycle_commands.py::test_shutdown_after_ended_completes_without_relabel[3]
tests/controller/test_lifecycle_commands.py::test_failed_trial_metadata_still_seals_before_backend_cleanup
tests/controller/test_lifecycle_commands.py::test_abort_during_starting_with_metadata_keeps_files_and_unblocks_setup
tests/controller/test_lifecycle_commands.py::test_unactivated_attempt_without_files_keeps_plain_cancel
tests/controller/test_lifecycle_commands.py::test_cancel_finishing_earlier_still_completes_a_later_shutdown
tests/controller/test_lifecycle_commands.py::test_start_rejected_on_revision_mismatch_or_pending_cancel
tests/controller/test_lifecycle_commands.py::test_interrupted_trial_without_accepted_started_is_closed
tests/controller/test_lifecycle_commands.py::test_interruption_before_release_creates_no_trial
tests/controller/test_lifecycle_commands.py::test_uncertain_trial_finished_is_not_appended_again
tests/controller/test_lifecycle_commands.py::test_stop_in_starting_cancels_before_activation
tests/controller/test_lifecycle_commands.py::test_stop_in_starting_after_activation_ends_before_first_trial
tests/controller/test_lifecycle_commands.py::test_shutdown_interrupts_at_once_and_completes_after_handoff_and_cleanup
tests/controller/test_lifecycle_commands.py::test_shutdown_with_rejected_handoff_completes_failed
tests/controller/test_lifecycle_commands.py::test_cancel_background_tasks_stops_cleanup_retry_chain
tests/controller/test_lifecycle_commands.py::test_interrupt_finalizes_even_when_trial_log_closure_raises
tests/controller/test_lifecycle_commands.py::test_owner_cleanup_releases_prepared_preview_like_setup_guard
tests/controller/test_lifecycle_reports.py::test_transport_error_is_retried_then_warns_at_deadline
tests/controller/test_lifecycle_reports.py::test_transport_error_then_accept_does_not_warn
tests/controller/test_lifecycle_reports.py::test_non_retryable_rejection_warns
tests/controller/test_lifecycle_reports.py::test_operation_completion_retains_exact_duplicate_without_publishing
tests/controller/test_lifecycle_reports.py::test_setup_ready_keeps_original_deadline_and_exact_duplicate_rule
tests/controller/test_lifecycle_reports.py::test_trial_ready_requires_exact_trial_and_active_participant
tests/controller/test_lifecycle_reports.py::test_late_finished_retains_one_exact_recovery_without_changing_duplicate
tests/controller/test_metadata.py::test_session_closure_drains_logs_then_seals_with_remaining_budget[None]
tests/controller/test_metadata.py::test_session_closure_drains_logs_then_seals_with_remaining_budget[recovery]
tests/controller/test_metadata.py::test_session_closure_drains_logs_then_seals_with_remaining_budget[unconfirmed]
tests/controller/test_metadata.py::test_session_closure_drains_logs_then_seals_with_remaining_budget[session_log]
tests/controller/test_metadata.py::test_session_closure_drains_logs_then_seals_with_remaining_budget[seal]
tests/controller/test_metadata.py::test_expired_session_closure_cancels_recovery_without_claiming_seal
tests/controller/test_metadata.py::test_session_config_excludes_dormant_settings_and_pfs_payload
tests/controller/test_metadata.py::test_interrupted_trial_logs_unknown_output_without_inventing_actual_end
tests/controller/test_metadata.py::test_metadata_projection_coalesces_synced_file_but_retains_failed_write
tests/controller/test_metadata.py::test_failed_append_poisons_log_and_old_bytes_never_reappear[write]
tests/controller/test_metadata.py::test_failed_append_poisons_log_and_old_bytes_never_reappear[fsync]
tests/controller/test_metadata.py::test_first_append_failure_is_poisoned_not_already_owned
tests/controller/test_metadata.py::test_partial_os_write_is_looped_until_record_complete
tests/controller/test_metadata.py::test_close_unactivated_keeps_files_and_marks_marker_complete
tests/controller/test_metadata.py::test_marker_outcome_other_than_not_activated_is_rejected
tests/controller/test_metadata.py::test_cancelled_persist_records_unconfirmed_and_reconciles_late_sync
tests/controller/test_output_evidence.py::test_exact_empty_video_with_closed_detailed_records_is_satisfied[False-acquisition]
tests/controller/test_output_evidence.py::test_exact_empty_video_with_closed_detailed_records_is_satisfied[False-visual_stimulus]
tests/controller/test_output_evidence.py::test_exact_empty_video_with_closed_detailed_records_is_satisfied[True-acquisition]
tests/controller/test_output_evidence.py::test_exact_empty_video_with_closed_detailed_records_is_satisfied[True-visual_stimulus]
tests/controller/test_output_evidence.py::test_video_evidence_rejects_unknown_presence_failure_conflicts_and_missing_pairs[acquisition]
tests/controller/test_output_evidence.py::test_video_evidence_rejects_unknown_presence_failure_conflicts_and_missing_pairs[visual_stimulus]
tests/controller/test_output_evidence.py::test_exact_identity_and_unavailable_obligations_are_not_silent_omissions
tests/controller/test_output_evidence.py::test_video_fields_and_never_created_exception_cannot_leak_to_tracking
tests/controller/test_planning.py::test_planner_preserves_visual_stimulus_save_switch_and_reserves_no_path
tests/controller/test_planning.py::test_planner_requires_exact_ready_and_resolved_switch
tests/controller/test_planning.py::test_schema_requires_actual_writer_definition_for_each_reserved_output
tests/controller/test_runtime_retention.py::test_late_camera_completion_reconciles_blocker_without_reviving_success
tests/controller/test_runtime_retention.py::test_ready_recovery_queries_frozen_missing_peer_once_without_accepting_ungated_push
tests/controller/test_runtime_retention.py::test_finished_recovery_keeps_exact_trial_identity_and_original_cutoff
tests/controller/test_safety_regressions.py::test_interrupt_delivery_is_independent_and_keeps_original_deadline[False]
tests/controller/test_safety_regressions.py::test_interrupt_delivery_is_independent_and_keeps_original_deadline[True]
tests/controller/test_safety_regressions.py::test_ready_arriving_after_original_setup_deadline_cannot_revive_attempt
tests/controller/test_safety_regressions.py::test_finished_before_end_or_with_failed_output_cannot_complete_trial
tests/controller/test_safety_regressions.py::test_ready_edit_cancels_preparation_without_committing_unvalidated_resources
tests/controller/test_safety_regressions.py::test_start_terminal_operation_time_and_interruption_order[False]
tests/controller/test_safety_regressions.py::test_start_terminal_operation_time_and_interruption_order[True]
tests/controller/test_setup.py::test_setup_reloads_mutable_limits_and_freezes_them_in_prepared_attempt
tests/controller/test_setup.py::test_setup_rejects_changed_startup_transport_settings_before_reservation
tests/controller/test_setup.py::test_setup_admission_is_blocked_while_manual_loss_cleanup_is_unresolved
tests/controller/test_setup.py::test_startup_recovery_cancel_preserves_blocker_then_continue_clears_after_handler
tests/controller/test_setup.py::test_reloaded_limits_are_applied_only_on_accepted_setup[2]
tests/controller/test_setup.py::test_reloaded_limits_are_applied_only_on_accepted_setup[1]
tests/controller/test_setup.py::test_prompt_cancel_choice_completes_setup_operation
tests/controller/test_setup.py::test_cancel_setup_during_pending_prompt_completes_setup_operation
tests/controller/test_setup.py::test_cancel_setup_during_evidence_wait_completes_setup_operation
tests/controller/test_setup.py::test_unclean_cancel_keeps_session_context_for_safety_commands
tests/controller/test_setup.py::test_cancelled_setup_leaves_sessionless_current_scope
tests/controller/test_setup.py::test_failed_setup_leaves_sessionless_current_scope
tests/controller/test_setup.py::test_ready_setup_records_terminal_time_for_retention
tests/controller/test_setup.py::test_update_configuration_refreshes_projection_revision
tests/controller/test_shutdown_handoff.py::test_shutdown_notifies_launcher_with_original_deadline
tests/controller/test_shutdown_handoff.py::test_clean_controller_waits_for_shutdown_handoff_completion
tests/controller/test_shutdown_handoff.py::test_failed_launcher_delivery_uses_first_deadline_for_exact_fallback
tests/controller/test_spikeglx.py::test_installed_host_configuration_is_file_only_and_mapping_is_pinned
tests/controller/test_spikeglx.py::test_inventory_requires_all_source_roles_and_preserves_optional_bit_presence
tests/controller/test_spikeglx.py::test_inventory_rejects_bit_outside_mapped_native_word
tests/controller/test_spikeglx.py::test_inactive_retained_photodiode_does_not_require_a_saved_channel
tests/controller/test_spikeglx.py::test_monitor_treats_unknown_as_no_advance_and_resets_per_stream_clock
tests/controller/test_spikeglx.py::test_monitor_loop_retains_gate_baseline_through_unknown_observation
tests/controller/test_spikeglx.py::test_recovered_spikeglx_fault_opens_a_new_episode_on_later_loss
tests/controller/test_spikeglx.py::test_spikeglx_stop_scheduler_waits_margin_and_tracks_stop_after_toggle
tests/controller/test_spikeglx.py::test_preparation_does_not_claim_mapping_api_as_installed_sdk_build
tests/controller/test_spikeglx.py::test_late_sample_reply_cannot_pass_writing_gate
tests/controller/test_spikeglx.py::test_writing_gate_rejects_changed_data_directory
tests/controller/test_spikeglx.py::test_stop_uses_setup_endpoint_after_host_file_changes
tests/controller/test_spikeglx.py::test_prestart_rejects_stream_drift_outside_parameter_digest
tests/controller/test_spikeglx.py::test_inventory_file_update_is_digest_guarded_and_preserves_other_settings
tests/controller/test_spikeglx.py::test_inventory_update_preserves_valid_nested_table_comments
tests/controller/test_spikeglx.py::test_inventory_delete_then_insert_custom_stays_in_pulse_table
tests/controller/test_spikeglx.py::test_host_monitor_budgets_reject_nonfinite_values[nan]
tests/controller/test_spikeglx.py::test_host_monitor_budgets_reject_nonfinite_values[inf]
tests/controller/test_spikeglx.py::test_host_monitor_budgets_reject_nonfinite_values[+inf]
tests/controller/test_spikeglx.py::test_host_monitor_budgets_reject_nonfinite_values[-inf]
tests/controller/test_spikeglx.py::test_monitor_publishes_known_not_saving_state_without_sample_count
tests/controller/test_spikeglx.py::test_inventory_controller_binds_lease_revision_and_file_digest
tests/controller/test_spikeglx.py::test_timed_out_sdk_call_keeps_ownership_until_native_return
tests/controller/test_startup_recovery.py::test_torn_final_line_keeps_endpoint_and_run
tests/controller/test_startup_recovery.py::test_null_details_do_not_break_inspection
tests/controller/test_startup_recovery.py::test_stop_for_another_run_does_not_confirm_stop
tests/controller/test_startup_recovery.py::test_pointer_to_missing_namespace_is_cleared_with_notice
tests/controller/test_startup_recovery.py::test_leftover_quarantine_without_marker_is_removed
tests/controller/test_startup_recovery.py::test_quarantine_with_marker_keeps_strict_blocking
tests/controller/test_startup_recovery.py::test_pointer_with_not_activated_marker_is_cleared_without_report
tests/controller/test_startup_recovery.py::test_settled_recovery_notice_reaches_operator_warnings
tests/controller/test_startup_recovery.py::test_wrong_prior_generation_proof_blocks_before_opening_files
tests/controller/test_startup_recovery.py::test_intact_log_appends_only_observation_labeled_terminal_events
tests/controller/test_startup_recovery.py::test_incomplete_jsonl_is_preserved_and_reported_separately
tests/controller/test_startup_recovery.py::test_uncertain_append_is_never_resubmitted_in_same_recovery
tests/controller/test_startup_recovery.py::test_recovery_reader_rejects_zero_budget_and_nonregular_file
tests/controller/test_startup_recovery.py::test_prior_completed_recovery_event_is_not_duplicated
tests/controller/test_storage.py::test_reservation_exclusive_and_cancel_removes_only_attempt_paths
tests/controller/test_storage.py::test_unexpected_file_blocks_cancel_without_deletion
tests/controller/test_storage.py::test_preexisting_session_cancellation_never_unlinks_new_owners_lock
tests/controller/test_storage.py::test_existing_marker_inspection_requires_held_lock_and_keeps_recovery_evidence
tests/controller/test_storage.py::test_existing_lock_symlink_is_never_followed
tests/controller/test_storage.py::test_failed_session_quarantine_preserves_unfinished_marker
tests/controller/test_storage.py::test_corrupt_existing_marker_is_preserved_for_startup_recovery
tests/controller/test_storage.py::test_writer_syncs_exact_json_and_rejects_changed_retry
tests/controller/test_storage.py::test_writer_rejects_unreserved_path_and_invalid_document
tests/controller/test_storage.py::test_writer_preserves_late_sync_evidence_and_seal_capacity
tests/controller/test_storage.py::test_cancelled_waiter_cannot_erase_required_writer_completion
tests/controller/test_storage.py::test_completed_id_is_not_evicted_by_next_admission_before_retirement
tests/controller/test_storage.py::test_writer_never_appends_to_unowned_existing_log
tests/controller/test_storage.py::test_writer_binds_work_and_operation_to_exact_session
tests/controller/test_storage.py::test_existing_reservation_recovery_requires_unchanged_marker
tests/controller/test_storage.py::test_recovery_log_adoption_requires_exact_held_file_identity
tests/controller/test_storage.py::test_owned_log_path_replacement_cannot_redirect_append
tests/controller/test_tracking_diagnostic.py::test_status_match_requires_exact_diagnostic_and_transfer_identity
tests/controller/test_tracking_diagnostic.py::test_backend_close_flag_does_not_mark_controller_transfer_closed
tests/controller/test_tracking_diagnostic.py::test_begin_and_close_reconcile_until_exact_backend_state_arrives
tests/controller/test_tracking_diagnostic.py::test_release_requires_both_exact_owner_receipts
tests/gui/test_dashboard.py::test_offline_frontend_cannot_request_commands
tests/gui/test_dashboard.py::test_managed_subject_metadata_preserves_absence_and_numeric_zero
tests/gui/test_dashboard.py::test_managed_subject_metadata_preserves_unknown_sex_value
tests/gui/test_dashboard.py::test_managed_runtime_editors_are_enabled_without_review_samples
tests/gui/test_dashboard.py::test_managed_configuration_creates_first_run_backends_and_installs_partial_tracking
tests/gui/test_dashboard.py::test_managed_status_uses_readiness_and_output_closure_evidence
tests/gui/test_dashboard.py::test_retained_summary_keeps_incidents_ahead_of_completed_operation_history
tests/gui/test_dashboard.py::test_managed_prompt_window_is_single_and_responds_with_displayed_snapshot
tests/gui/test_dashboard.py::test_prompt_completion_preserves_current_lease_authority
tests/gui/test_dashboard.py::test_managed_retained_summary_uses_one_acknowledgement_window
tests/gui/test_dashboard.py::test_old_retained_dialog_cannot_acknowledge_a_new_connection
tests/gui/test_dashboard.py::test_retained_summary_includes_exact_command_and_prompt_ids
tests/gui/test_dashboard.py::test_managed_bridge_reserves_safety_queue_capacity_and_drops_stale_epoch
tests/gui/test_dashboard.py::test_prompt_completion_wait_failure_retains_admitted_id_as_unconfirmed
tests/gui/test_dashboard.py::test_managed_spikeglx_connection_emits_read_only_intent
tests/gui/test_dashboard.py::test_spikeglx_inventory_draft_roundtrips_supplemental_and_optional_bits
tests/gui/test_dashboard.py::test_managed_camera_controls_emit_intent_without_changing_local_device_state
tests/gui/test_dashboard.py::test_devices_draft_icons_local_edits_and_command_gates
tests/gui/test_dashboard.py::test_devices_draft_reflows_without_horizontal_clipping[720]
tests/gui/test_dashboard.py::test_devices_draft_reflows_without_horizontal_clipping[1175]
tests/gui/test_dashboard.py::test_folder_picker_selection_cancellation_and_phase_lock
tests/gui/test_dashboard.py::test_compact_path_keeps_full_text_tooltip_and_editing
tests/gui/test_dashboard.py::test_log_keeps_reading_position_during_append_and_retention
tests/gui/test_dashboard.py::test_preview_geometry_survives_recreation
tests/gui/test_dashboard.py::test_review_intent_does_not_advance_session
tests/gui/test_dashboard.py::test_preview_selector_reuses_modeless_window_and_keeps_visibility
tests/gui/test_dashboard.py::test_preview_snap_gap_and_available_screen_bounds[anchor0-area0-expected0]
tests/gui/test_dashboard.py::test_preview_snap_gap_and_available_screen_bounds[anchor1-area1-expected1]
tests/gui/test_dashboard.py::test_preview_snap_gap_and_available_screen_bounds[anchor2-area2-expected2]
tests/gui/test_dashboard.py::test_preview_waits_for_report_and_handles_failure_closure_and_control_loss
tests/gui/test_dashboard.py::test_unavailable_preview_retains_reported_state_without_commands
tests/gui/test_dashboard.py::test_review_phase_locks_and_actions[Configuration-actions0-True]
tests/gui/test_dashboard.py::test_review_phase_locks_and_actions[Setting up-actions1-False]
tests/gui/test_dashboard.py::test_review_phase_locks_and_actions[Ready-actions2-True]
tests/gui/test_dashboard.py::test_review_phase_locks_and_actions[Starting-actions3-False]
tests/gui/test_dashboard.py::test_review_phase_locks_and_actions[Running-actions4-False]
tests/gui/test_dashboard.py::test_review_phase_locks_and_actions[Stopping-actions5-False]
tests/gui/test_dashboard.py::test_review_phase_locks_and_actions[Finalizing-actions6-False]
tests/gui/test_dashboard.py::test_review_phase_locks_and_actions[Ended-actions7-False]
tests/gui/test_dashboard.py::test_observer_locks_preserve_local_draft
tests/gui/test_dashboard.py::test_responsive_navigation_preserves_widget_identity
tests/gui/test_dashboard.py::test_review_selector_renders_completion_and_observer_lock
tests/gui/test_dashboard.py::test_wide_layout_keeps_status_and_logs_visible[dimensions0]
tests/gui/test_dashboard.py::test_wide_layout_keeps_status_and_logs_visible[dimensions1]
tests/gui/test_dashboard.py::test_dashboard_has_only_requested_cards
tests/gui/test_dashboard.py::test_hud_fits_content_and_log_fills_available_height
tests/gui/test_dashboard.py::test_setup_serves_as_new_session_after_completion
tests/gui/test_dashboard.py::test_stop_cancels_setup_without_a_dialog[Setting up]
tests/gui/test_dashboard.py::test_stop_cancels_setup_without_a_dialog[Ready]
tests/gui/test_dashboard.py::test_stop_requires_a_choice_during_session[Abort now-expected0]
tests/gui/test_dashboard.py::test_stop_requires_a_choice_during_session[Stop after trial-expected1]
tests/gui/test_dashboard.py::test_stop_requires_a_choice_during_session[Cancel-expected2]
tests/gui/test_dashboard.py::test_stop_requires_a_choice_during_session[Escape-expected3]
tests/gui/test_dashboard.py::test_stop_requires_a_choice_during_session[Close-expected4]
tests/gui/test_dashboard.py::test_stop_dialog_updates_choices_and_closes_on_control_loss
tests/gui/test_dashboard.py::test_runtime_indicators_are_independent_and_read_only
tests/gui/test_dashboard.py::test_preview_participation_gates_and_camera_draft_selection
tests/gui/test_dashboard.py::test_camera_role_uniqueness_and_extra_preview_rows
tests/gui/test_dashboard.py::test_camera_pfs_picker_preserves_camera_identity_and_editing_gate
tests/gui/test_dashboard.py::test_all_pages_share_fitted_hud_and_expanding_log
tests/gui/test_dashboard.py::test_device_tabs_sit_above_controls_without_moving_hud
tests/gui/test_dashboard.py::test_camera_batch_check_preserves_selection_and_connections
tests/gui/test_dashboard.py::test_pfs_trigger_hint_and_per_camera_drafts
tests/gui/test_dashboard.py::test_real_camera_inventory_preserves_roles_and_tests_open_close
tests/gui/test_dashboard.py::test_microcontroller_camera_rows_and_discovery
tests/gui/test_dashboard.py::test_wrapped_log_preserves_whole_words_and_reading_anchor
tests/gui/test_dashboard.py::test_projector_refresh_preserves_assignment
tests/gui/test_dashboard.py::test_gui_display_number_is_local_and_shared_with_layout
tests/gui/test_dashboard.py::test_microcontroller_fixed_signal_tests_and_layout
tests/gui/test_dashboard.py::test_live_review_microcontroller_routes_bounded_tests
tests/gui/test_dashboard.py::test_simulated_review_inventory_does_not_enumerate_com_ports
tests/gui/test_dashboard.py::test_managed_microcontroller_emits_controller_intents
tests/gui/test_dashboard.py::test_managed_camera_enable_waits_for_controller_confirmation
tests/gui/test_dashboard.py::test_managed_camera_enable_accepts_missing_external_input
tests/gui/test_dashboard.py::test_managed_dashboard_exposes_explicit_control_acquisition
tests/gui/test_dashboard.py::test_managed_camera_settings_submit_pfs_source_and_rate
tests/gui/test_dashboard.py::test_bridge_submits_configuration_and_waits_for_exact_version
tests/gui/test_dashboard.py::test_bridge_accepts_unchanged_configuration_at_same_revision
tests/gui/test_dashboard.py::test_managed_configuration_action_plan_preserves_edits_outside_editable_phases
tests/gui/test_dashboard.py::test_managed_gui_setup_captures_exact_accepted_configuration_for_bridge
tests/gui/test_dashboard.py::test_managed_gui_immutable_phase_actions_bypass_invalid_collection
tests/gui/test_dashboard.py::test_controller_bridge_setup_validates_captured_version_under_dispatch_lock
tests/gui/test_dashboard.py::test_controller_bridge_submits_then_setup_uses_exact_accepted_version
tests/gui/test_dashboard.py::test_managed_display_calibration_requests_use_accepted_relative_assets
tests/gui/test_dashboard.py::test_projector_first_run_profile_import_is_reachable_and_collectable
tests/gui/test_dashboard.py::test_managed_bridge_reads_and_updates_spikeglx_inventory_exactly
tests/gui/test_dashboard.py::test_queued_calibration_rejects_revision_and_asset_drift
tests/gui/test_dashboard.py::test_queued_calibration_close_rejects_changed_diagnostic_identity
tests/gui/test_dashboard.py::test_bridge_rejects_stale_configuration_base_without_admission
tests/gui/test_dashboard.py::test_managed_camera_enable_updates_only_assigned_camera
tests/gui/test_dashboard.py::test_managed_camera_settings_supply_missing_trigger_source
tests/gui/test_dashboard.py::test_managed_mcu_save_includes_camera_output_pins
tests/gui/test_dashboard.py::test_managed_microcontroller_forwards_only_saved_pin
tests/gui/test_dashboard.py::test_managed_camera_pin_test_uses_saved_role_signal
tests/gui/test_dashboard.py::test_managed_window_waits_for_history_save_before_closing
tests/gui/test_dashboard.py::test_managed_close_finishes_only_after_controller_save_result
tests/gui/test_dashboard.py::test_managed_bridge_claims_free_control_for_history_save
tests/gui/test_dashboard.py::test_review_draft_restores_local_configuration
tests/gui/test_dashboard.py::test_review_window_saves_draft_on_close
tests/gui/test_dashboard.py::test_invalid_review_draft_is_not_replaced_during_load
tests/gui/test_dashboard.py::test_pin_test_stop_toggle_and_invalidation
tests/gui/test_dashboard.py::test_microcontroller_enablement_preserves_pins_and_syncs_cameras
tests/gui/test_dashboard.py::test_projectors_number_secondary_screens_by_position
tests/gui/test_dashboard.py::test_microcontroller_row_heights_match
tests/gui/test_dashboard.py::test_projector_geometry_and_pulse_drafts_are_independent
tests/gui/test_dashboard.py::test_configuration_scroll_keeps_projector_status_fixed
tests/gui/test_dashboard.py::test_calibration_and_screen_dimensions_retain_separate_drafts
tests/gui/test_dashboard.py::test_spikeglx_sources_preserve_maps_and_follow_enablement
tests/gui/test_dashboard.py::test_projector_config_tabs_keep_column_width_and_table_drafts
tests/gui/test_dashboard.py::test_screen_distance_moves_planes_independently_of_tank
tests/gui/test_dashboard.py::test_hidden_scrollbar_preserves_wheel_scrolling
tests/gui/test_dashboard.py::test_all_screen_calibration_json_roundtrip_and_rejection
tests/gui/test_dashboard.py::test_calibration_dialog_closes_on_authority_loss
tests/gui/test_dashboard.py::test_wheel_never_changes_input_values[False]
tests/gui/test_dashboard.py::test_wheel_never_changes_input_values[True]
tests/gui/test_dashboard.py::test_wheel_does_not_switch_epoch_tabs
tests/gui/test_dashboard.py::test_epoch_clock_duration_retains_fractional_precision
tests/gui/test_dashboard.py::test_batch_variation_sweep_is_bounded
tests/gui/test_dashboard.py::test_epoch_reference_updates_do_not_show_detached_windows
tests/gui/test_dashboard.py::test_spikeglx_disable_restore_and_remove_custom
tests/gui/test_dashboard.py::test_right_screen_is_derived_and_legacy_asymmetry_rejected
tests/gui/test_dashboard.py::test_managed_protocol_roundtrips_ordered_trials_seed_and_gap
tests/gui/test_dashboard.py::test_managed_protocol_rejects_partial_restore_without_mutating_pages
tests/gui/test_dashboard.py::test_empty_managed_schedule_is_not_replaced_by_review_trial
tests/gui/test_dashboard.py::test_managed_configuration_preserves_incomplete_draft_on_new_revision
tests/gui/test_dashboard.py::test_empty_schedule_first_add_becomes_the_first_trial
tests/gui/test_dashboard.py::test_managed_configuration_keeps_post_submit_edits_on_ack
tests/gui/test_dashboard.py::test_managed_configuration_keeps_invalid_newer_epoch_draft_after_ack
tests/gui/test_dashboard.py::test_protocol_participation_and_asset_pages
tests/gui/test_dashboard.py::test_protocol_program_validation_and_atomic_save
tests/gui/test_dashboard.py::test_protocol_timeline_edits_preserve_trials_and_imported_groups
tests/gui/test_dashboard.py::test_protocol_cards_reflow_and_keep_properties_reachable
tests/gui/test_dashboard.py::test_protocol_controls_and_enabled_screen_lanes
tests/gui/test_dashboard.py::test_stimulus_parameter_forms_round_trip_every_family[Sine grating]
tests/gui/test_dashboard.py::test_stimulus_parameter_forms_round_trip_every_family[Square grating]
tests/gui/test_dashboard.py::test_stimulus_parameter_forms_round_trip_every_family[Checkerboard]
tests/gui/test_dashboard.py::test_stimulus_parameter_forms_round_trip_every_family[Image tile]
tests/gui/test_dashboard.py::test_stimulus_parameter_forms_round_trip_every_family[Image]
tests/gui/test_dashboard.py::test_stimulus_parameter_forms_round_trip_every_family[Looming image]
tests/gui/test_dashboard.py::test_stimulus_parameter_forms_round_trip_every_family[Video]
tests/gui/test_dashboard.py::test_stimulus_parameter_forms_round_trip_every_family[3D arena]
tests/gui/test_dashboard.py::test_stimulus_parameter_edit_invalid_guard_and_media_root
tests/gui/test_dashboard.py::test_stimulus_animation_variants_reset_and_remove
tests/gui/test_dashboard.py::test_prepared_texture_bundle_and_epoch_motion
tests/gui/test_dashboard.py::test_prepared_file_change_is_epoch_local
tests/gui/test_dashboard.py::test_protocol_epoch_structure_actions
tests/gui/test_dashboard.py::test_add_prepared_file_picker_does_not_create_placeholder_on_cancel
tests/gui/test_dashboard.py::test_file_first_epoch_insertion_and_history
tests/gui/test_dashboard.py::test_screen_overrides_and_layers_preserve_other_epochs
tests/gui/test_dashboard.py::test_repeat_variation_uses_canonical_expansion_and_preserves_choreography
tests/gui/test_dashboard.py::test_nested_group_edit_and_duplicate_reference_remapping
tests/gui/test_dashboard.py::test_group_dialog_rejects_bad_values_and_closes_on_authority_loss
tests/gui/test_dashboard.py::test_motion_auto_commit_and_invalid_edit_undo
tests/gui/test_dashboard.py::test_saved_variations_reopen_as_speed_direction_lists
tests/gui/test_dashboard.py::test_variation_bounds_and_preview_limit
tests/gui/test_dashboard.py::test_stationary_texture_speed_variation_keeps_positive_x_direction
tests/gui/test_dashboard.py::test_expanded_close_and_trial_deletion
tests/gui/test_dashboard.py::test_projector_lane_layers_isolate_file_motion_and_removal
tests/gui/test_dashboard.py::test_projector_shared_file_replacement_and_stack_order
tests/gui/test_dashboard.py::test_recording_checks_stay_next_to_labels
tests/gui/test_dashboard.py::test_compact_stimulus_inspector_preserves_hidden_settings
tests/gui/test_dashboard.py::test_looming_primary_controls_and_custom_size_fidelity
tests/gui/test_dashboard.py::test_timeline_layer_actions_and_inactive_selection_menu
tests/gui/test_dashboard.py::test_batch_create_variations_preview_insert_and_reload
tests/gui/test_dashboard.py::test_batch_edit_mixed_values_isolation_atomic_failure_and_undo
tests/gui/test_dashboard.py::test_trial_overview_selects_ranges_and_sources_across_groups
tests/gui/test_dashboard.py::test_batch_media_changes_and_pending_edits_are_isolated
tests/gui/test_dashboard.py::test_review_projector_inventory_drives_devices_and_planner
tests/gui/test_dashboard.py::test_timeline_overview_colors_and_current_epoch_details
tests/gui/test_dashboard.py::test_batch_tabs_preserve_drafts_apply_and_phase_lock
tests/gui/test_dashboard.py::test_epoch_parameter_warnings_wait_for_submission[generate]
tests/gui/test_dashboard.py::test_epoch_parameter_warnings_wait_for_submission[selection]
tests/gui/test_dashboard.py::test_batch_reference_projector_parameters_and_layers
tests/gui/test_dashboard.py::test_batch_reference_picker_scope_and_lock
tests/gui/test_dashboard.py::test_compact_reference_rows_share_headers_and_commit_relocated_fields
tests/gui/test_dashboard.py::test_reference_type_change_clears_asset_and_switches_stimulus_mode
tests/gui/test_dashboard.py::test_batch_insertion_positions_are_atomic_and_select_new_epochs[append-expected0]
tests/gui/test_dashboard.py::test_batch_insertion_positions_are_atomic_and_select_new_epochs[start-expected1]
tests/gui/test_dashboard.py::test_batch_insertion_positions_are_atomic_and_select_new_epochs[before-expected2]
tests/gui/test_dashboard.py::test_batch_insertion_positions_are_atomic_and_select_new_epochs[after-expected3]
tests/gui/test_dashboard.py::test_batch_insertion_positions_are_atomic_and_select_new_epochs[replace-expected4]
tests/gui/test_dashboard.py::test_batch_insertion_positions_are_atomic_and_select_new_epochs[stride-expected5]
tests/gui/test_dashboard.py::test_generated_batch_label_survives_reload_and_targets_edits
tests/gui/test_dashboard.py::test_arena_axis_gains_roundtrip_and_editor_spacing
tests/gui/test_dashboard.py::test_arena_custom_feedback_is_preserved_and_channel_conflicts_rejected
tests/gui/test_dashboard.py::test_front_attached_screens_share_plot_and_prepared_corners
tests/gui/test_dashboard.py::test_centered_projection_uses_throw_and_assigned_aspect
tests/gui/test_dashboard.py::test_tank_drag_changes_view_only_and_double_click_resets
tests/gui/test_dashboard.py::test_bottom_mirror_reflects_cone_and_uses_total_path
tests/gui/test_dashboard.py::test_plot_toggles_are_view_only_and_survive_refresh
tests/gui/test_dashboard.py::test_bottom_optics_survive_disabled_right_output
tests/gui/test_dashboard.py::test_label_insertion_repeats_batch_in_original_scope_and_undo
tests/gui/test_dashboard.py::test_visible_layer_selector_and_opacity_preserve_prepared_placement
tests/gui/test_dashboard.py::test_bottom_center_path_survives_outer_ray_clearance
tests/gui/test_dashboard.py::test_projection_group_replaces_individual_visibility_controls
tests/gui/test_dashboard.py::test_projector_codec_preserves_file_pacing_and_imported_calibration
tests/gui/test_dashboard.py::test_projectors_page_install_collect_keeps_file_owned_pacing_absent
tests/gui/test_dashboard.py::test_calibration_arena_uses_saved_screen_planes_and_backend_glb_profile
tests/gui/test_dashboard.py::test_calibration_identity_profiles_bind_unique_native_monitors
tests/gui/test_dashboard.py::test_calibration_button_reflects_confirmed_managed_output
tests/gui/test_dashboard.py::test_unified_feedback_input_mapping_and_retain_state
tests/gui/test_dashboard.py::test_arena_feedback_and_axis_editors_stay_synchronized
tests/gui/test_dashboard.py::test_stimulus_mode_and_duration_use_proportional_header_widths
tests/gui/test_dashboard.py::test_new_stimuli_retain_state_without_changing_imported_reset
tests/gui/test_dashboard.py::test_reference_advanced_controls_align_to_layer_and_retain_first
tests/gui/test_dashboard.py::test_control_dialog_does_not_expand_projector_row_and_cancels
tests/gui/test_dashboard.py::test_control_action_is_limited_to_closed_loop_texture_and_looming
tests/gui/test_dashboard.py::test_fades_render_and_retime_without_changing_motion
tests/gui/test_dashboard.py::test_reference_fades_follow_batch_duration_and_new_rows
tests/gui/test_dashboard.py::test_imported_opacity_curve_is_preserved_and_not_editable
tests/gui/test_dashboard.py::test_blank_layer_then_family_keeps_each_projector_layer_configuration
tests/gui/test_dashboard.py::test_first_source_epoch_fade_does_not_change_rest_of_batch
tests/gui/test_dashboard.py::test_200_epoch_timeline_reuses_views_and_metadata_noop
tests/gui/test_dashboard.py::test_200_epoch_eight_layer_protocol_round_trip_exceeds_old_gui_limit
tests/gui/test_dashboard.py::test_variation_controls_fit_narrow_protocol_without_horizontal_scroll
tests/gui/test_dashboard.py::test_batch_variations_target_projectors_and_local_layer_ordinals
tests/gui/test_dashboard.py::test_layer_actions_offer_up_down_and_preserve_projector_values
tests/gui/test_dashboard.py::test_variations_use_stimulus_columns_and_materialize_looming_and_video
tests/gui/test_dashboard.py::test_preview_uses_retained_motion_and_backward_scrubbing
tests/gui/test_dashboard.py::test_trial_preview_is_read_only_has_enabled_screens_and_cleans_up
tests/gui/test_dashboard.py::test_preview_rejects_setup_resolved_durations_without_mutating_program
tests/gui/test_dashboard.py::test_planning_arena_draws_a_bounded_glb_on_a_configured_surface
tests/gui/test_dashboard.py::test_arena_variations_change_axis_gains_without_changing_other_axes
tests/gui/test_dashboard.py::test_planning_preview_uses_rig_planes_and_only_enabled_projector_frames
tests/gui/test_dashboard.py::test_preview_calibration_matches_export_and_uses_display_pixels
tests/gui/test_dashboard.py::test_preview_rejects_invalid_corrections_and_unresolved_pixel_offsets
tests/gui/test_dashboard.py::test_random_variations_respect_bounds_precision_and_size
tests/gui/test_dashboard.py::test_random_batch_values_stay_fixed_across_preview_and_save
tests/gui/test_dashboard.py::test_timeline_epoch_buttons_and_keyboard_history
tests/gui/test_dashboard.py::test_image_fit_and_motion_are_saved_without_texture_phase
tests/gui/test_dashboard.py::test_family_advanced_controls_preserve_hidden_state[True-Video]
tests/gui/test_dashboard.py::test_family_advanced_controls_preserve_hidden_state[True-Looming image]
tests/gui/test_dashboard.py::test_family_advanced_controls_preserve_hidden_state[True-3D arena]
tests/gui/test_dashboard.py::test_family_advanced_controls_preserve_hidden_state[False-Video]
tests/gui/test_dashboard.py::test_family_advanced_controls_preserve_hidden_state[False-Looming image]
tests/gui/test_dashboard.py::test_family_advanced_controls_preserve_hidden_state[False-3D arena]
tests/gui/test_dashboard.py::test_image_fit_preview_contains_crops_and_stretches
tests/gui/test_dashboard.py::test_batch_fit_choice_and_legacy_image_appearance
tests/gui/test_dashboard.py::test_selected_epoch_full_form_and_scope_switching
tests/gui/test_dashboard.py::test_selected_epoch_type_change_keeps_other_projector_and_sibling_epochs
tests/gui/test_dashboard.py::test_target_epoch_filters_and_invalid_index
tests/gui/test_dashboard.py::test_target_epoch_labels_refresh_and_preserve_other_epochs
tests/gui/test_dashboard.py::test_epoch_edit_rows_duration_format_and_action_placement
tests/gui/test_dashboard.py::test_epoch_actions_stay_fixed_and_fields_align_across_modes
tests/gui/test_dashboard.py::test_managed_mcu_pending_completion_and_final_status
tests/gui/test_dashboard.py::test_managed_camera_batch_checks_continue_after_failure_without_capture
tests/gui/test_dashboard.py::test_managed_role_assignment_is_atomic_and_leaves_camera_disabled
tests/gui/test_dashboard.py::test_managed_camera_projection_distinguishes_open_capture_and_cleanup
tests/gui/test_dashboard.py::test_batch_edit_parameters_match_generation_and_apply_family_options[Texture-expected0]
tests/gui/test_dashboard.py::test_batch_edit_parameters_match_generation_and_apply_family_options[Image-expected1]
tests/gui/test_dashboard.py::test_batch_edit_parameters_match_generation_and_apply_family_options[Looming image-expected2]
tests/gui/test_dashboard.py::test_batch_edit_parameters_match_generation_and_apply_family_options[Video-expected3]
tests/gui/test_dashboard.py::test_batch_edit_parameters_match_generation_and_apply_family_options[3D arena-expected4]
tests/gui/test_dashboard.py::test_managed_gui_auto_claims_only_unheld_control_once[]
tests/gui/test_dashboard.py::test_managed_gui_auto_claims_only_unheld_control_once[other-client]
tests/gui/test_dashboard.py::test_managed_gui_auto_claims_only_unheld_control_once[this-gui]
tests/gui/test_dashboard.py::test_managed_gui_waits_for_synchronization_and_warning_acknowledgement
tests/gui/test_dashboard.py::test_retained_acknowledgement_cannot_clear_guard_without_current_snapshot
tests/gui/test_dashboard.py::test_initial_and_reopened_retained_warnings_gate_auto_claim
tests/gui/test_dashboard.py::test_shared_notices_warn_on_action_and_send_status_to_log
tests/gui/test_dashboard.py::test_tracking_methods_preserve_fields_and_hide_unrelated_controls
tests/gui/test_dashboard.py::test_tracking_draft_roundtrip_and_invalid_load_is_atomic
tests/gui/test_dashboard.py::test_tracking_camera_changes_invalidate_reference_and_lock_closes_tool
tests/gui/test_dashboard.py::test_tracking_annotation_maps_letterboxed_image_to_source_pixels
tests/gui/test_dashboard.py::test_tracking_distance_and_regions_use_original_pixels
tests/gui/test_dashboard.py::test_tracking_v1_draft_migrates_without_inventing_calibration
tests/gui/test_dashboard.py::test_tracking_preview_stages_retain_settings_and_clear_only_subject_reference
tests/gui/test_dashboard.py::test_tracking_region_bounds_and_full_frame_are_validated
tests/gui/test_dashboard.py::test_tracking_coordinate_corrections_sync_annotations_and_preserve_incomplete_edits[Reference points]
tests/gui/test_dashboard.py::test_tracking_coordinate_corrections_sync_annotations_and_preserve_incomplete_edits[Manual pose]
tests/gui/test_dashboard.py::test_tracking_coordinate_corrections_sync_annotations_and_preserve_incomplete_edits[Distance reference]
tests/gui/test_tracking_live.py::test_tracking_diagnostic_presentation_copies_frame_and_checks_exact_scope
tests/launcher/test_lifecycle.py::test_registration_window_starts_at_bootstrap_completion
tests/launcher/test_lifecycle.py::test_late_registration_is_refused_and_backstop_stays_armed
tests/launcher/test_lifecycle.py::test_bootstrap_failure_arms_backstop
tests/launcher/test_lifecycle.py::test_hung_bootstrap_is_bounded_by_the_same_window
tests/launcher/test_lifecycle.py::test_registration_requires_supervisor_channel_and_generations
tests/launcher/test_lifecycle.py::test_second_different_controller_arms_backstop
tests/launcher/test_lifecycle.py::test_supervisor_channel_loss_arms_but_controller_loss_only_records
tests/launcher/test_lifecycle.py::test_shutdown_deadline_is_min_of_claim_and_backstop
tests/launcher/test_lifecycle.py::test_parse_reports_each_violation_and_strips_reserved_key
tests/launcher/test_lifecycle.py::test_guard_waits_for_verified_absence_after_unknown_membership
tests/launcher/test_lifecycle.py::test_duplicate_decline_preserves_existing_runtime
tests/launcher/test_lifecycle.py::test_duplicate_yes_waits_for_exact_exit_then_acquires
tests/launcher/test_lifecycle.py::test_duplicate_eof_declines
tests/launcher/test_lifecycle.py::test_duplicate_noninteractive_does_not_signal
tests/launcher/test_lifecycle.py::test_duplicate_without_exit_receipt_never_acquires_new_guard
tests/launcher/test_lifecycle.py::test_duplicate_rejects_wrong_supervisor_exit_receipt
tests/launcher/test_lifecycle.py::test_duplicate_competing_launcher_does_not_replace_successor
tests/launcher/test_lifecycle.py::test_free_guard_never_prompts_or_discovers
tests/launcher/test_lifecycle.py::test_endpoint_uses_fresh_identity_and_removes_private_descriptor
tests/launcher/test_lifecycle.py::test_old_launcher_without_endpoint_requires_manual_shutdown
tests/platform/test_byte_stream.py::test_idle_read_observation_resumes_the_same_pending_buffer
tests/platform/test_byte_stream.py::test_cleanup_cancels_then_observes_before_releasing_pending_memory
tests/platform/test_byte_stream.py::test_late_write_timeout_can_be_observed_during_bounded_cleanup
tests/platform/test_byte_stream.py::test_stop_event_ends_wait_and_cancels
tests/platform/test_byte_stream.py::test_cleanup_wait_ignores_signalled_stop_event
tests/platform/test_byte_stream.py::test_no_stop_event_keeps_single_object_wait
tests/platform/test_byte_stream.py::test_cancelled_write_with_partial_bytes_retires_pipe
tests/platform/test_byte_stream.py::test_cancelled_write_with_zero_bytes_keeps_pipe_usable
tests/platform/test_byte_stream.py::test_late_full_write_is_unconfirmed_and_retires
tests/platform/test_byte_stream.py::test_cancel_request_is_idempotent
tests/platform/test_mappings.py::test_attach_holds_open_only_handle_across_shared_memory_attach
tests/platform/test_mappings.py::test_attach_missing_name_never_reaches_shared_memory
tests/platform/test_mappings.py::test_attach_requires_page_exact_size_and_closes_guard
tests/platform/test_mappings.py::test_exact_page_multiple_matches_without_rounding_up
tests/platform/test_nvidia_device.py::test_malformed_uuid_fails_before_native_discovery
tests/platform/test_nvidia_device.py::test_discovery_on_unsupported_platform_raises_preparation_error
tests/platform/test_nvidia_device.py::test_missing_cuda_library_or_export_raises_preparation_error[False]
tests/platform/test_nvidia_device.py::test_missing_cuda_library_or_export_raises_preparation_error[True]
tests/platform/test_nvidia_device.py::test_uuid_selection_uses_the_adopted_device_not_list_position
tests/platform/test_nvidia_device.py::test_absent_uuid_never_falls_back_to_an_available_encoder
tests/platform/test_windows_jobs.py::test_member_exiting_between_enumeration_and_open_is_absent
tests/platform/test_windows_jobs.py::test_image_query_retry_preserves_live_process_uncertainty[1]
tests/platform/test_windows_jobs.py::test_image_query_retry_preserves_live_process_uncertainty[3]
tests/platform/test_windows_jobs.py::test_member_exiting_after_open_is_absent
tests/platform/test_windows_jobs.py::test_reenumerates_until_two_passes_agree
tests/platform/test_windows_jobs.py::test_unstable_membership_is_bounded
tests/platform/test_windows_jobs.py::test_other_open_error_still_raises
tests/platform/test_windows_jobs.py::test_terminate_of_exited_process_counts_as_absent
tests/platform/test_windows_jobs.py::test_terminate_failure_of_live_process_raises
tests/platform/test_windows_jobs.py::test_process_gone_is_not_running
tests/platform/test_windows_jobs.py::test_process_exit_uses_handle_wait_not_exit_code
tests/platform/test_windows_jobs.py::test_query_failure_is_unknown_not_absence
tests/platform/test_windows_jobs.py::test_new_process_handle_is_closed_when_creation_query_fails
tests/shared/test_cleanup_outputs.py::test_cleanup_never_started_requires_explicit_absence_and_no_failure
tests/shared/test_cleanup_outputs.py::test_cleanup_never_started_rejects_unknown_or_present_artifact
tests/shared/test_cleanup_outputs.py::test_cleanup_failed_output_is_retained_as_failure
tests/shared/test_commands.py::test_finalize_command_keeps_work_scope_open_and_prunes_after_retention
tests/shared/test_commands.py::test_finalize_command_ignores_pending_and_does_not_restart_clock
tests/shared/test_commands.py::test_finalize_work_still_blocks_new_commands
tests/shared/test_commands.py::test_late_completion_after_scope_finalization_starts_its_own_window
tests/shared/test_commands.py::test_ledger_deduplicates_and_never_evicts_active
tests/shared/test_commands.py::test_ledger_reserves_result_capacity_at_admission
tests/shared/test_commands.py::test_ledger_priority_admission_uses_only_reserved_safety_quota
tests/shared/test_commands.py::test_ledger_large_result_reservation_is_pinned_on_first_admission
tests/shared/test_commands.py::test_finalization_is_scoped_and_pending_result_is_preserved
tests/shared/test_commands.py::test_finalized_work_rejects_even_priority_commands
tests/shared/test_commands.py::test_terminal_command_scope_uses_its_own_retention_window
tests/shared/test_commands.py::test_ledger_pins_original_deadline_through_replay_completion_and_finalization
tests/shared/test_commands.py::test_omitted_deadline_preserves_shared_command_ledger_behavior
tests/shared/test_commands.py::test_retained_evidence_uses_command_count_and_byte_budgets
tests/shared/test_commands.py::test_retained_evidence_prunes_with_its_finalized_work
tests/shared/test_emergency.py::test_explicit_stop_uncertainty_and_byte_bound
tests/shared/test_emergency.py::test_slow_disk_does_not_hold_event_loop_or_default_executor
tests/shared/test_emergency.py::test_huge_failure_message_is_truncated_not_dropped
tests/shared/test_incidents.py::test_exact_isolated_camera_fault_can_continue_with_current_visual_stimulus_evidence
tests/shared/test_incidents.py::test_controller_owned_spikeglx_loss_is_a_prepared_nonessential_function
tests/shared/test_incidents.py::test_lifecycle_scope_requires_exact_visual_stimulus_and_camera_worker_ancestry
tests/shared/test_incidents.py::test_missing_or_stale_proof_never_extends_original_recovery_deadline
tests/shared/test_incidents.py::test_code_and_source_role_do_not_override_prepared_loss_closure
tests/shared/test_incidents.py::test_unsafe_lease_or_missing_feedback_hold_does_not_continue
tests/shared/test_incidents.py::test_downstream_feedback_is_discharged_by_exact_hold_scope
tests/shared/test_incidents.py::test_missing_output_function_declaration_rejects_topology
tests/shared/test_incidents.py::test_registered_native_cleanup_must_match_exact_ready_set
tests/shared/test_incidents.py::test_unprepared_trial_and_absent_safety_fact_do_not_continue
tests/shared/test_incidents.py::test_registry_retains_active_scope_and_rejects_stale_continue
tests/shared/test_incidents.py::test_blocking_incident_acknowledgement_never_reopens_continue
tests/shared/test_incidents.py::test_progress_recovery_resolves_exact_revision_without_undoing_abort
tests/shared/test_incidents.py::test_registry_preserves_cumulative_scope_and_original_deadline
tests/shared/test_incidents.py::test_registry_byte_capacity_fails_before_mutating_active_view
tests/shared/test_invariants.py::test_clock_requires_matching_validated_domain
tests/shared/test_invariants.py::test_uuid_requires_canonical_v4
tests/shared/test_invariants.py::test_deadline_does_not_renew_or_round
tests/shared/test_invariants.py::test_deadline_metadata_requires_one_positive_int64_decimal_value
tests/shared/test_invariants.py::test_interruption_remains_available_on_ordinary_overload
tests/shared/test_invariants.py::test_auth_requires_exact_registered_peer_token_and_generation
tests/shared/test_invariants.py::test_config_rejects_version_mismatch_and_unknown_keys
tests/shared/test_invariants.py::test_operator_credentials_are_generation_scoped_and_owner_only
tests/shared/test_invariants.py::test_managed_gui_credential_uses_exact_process_generation
tests/shared/test_recovery.py::test_pointer_and_receipt_are_exact_and_immutable
tests/shared/test_recovery.py::test_unverified_exit_and_unsafe_pointer_cannot_authorize_recovery
tests/shared/test_recovery.py::test_duplicate_recovery_fields_cannot_select_an_identity
tests/shared/test_recovery.py::test_receipt_carries_bounded_controller_channel_loss
tests/shared/test_resources.py::test_unknown_empty_cannot_clear_but_explicit_zero_with_fence_can
tests/shared/test_resources.py::test_append_only_revisions_and_exact_final_catalogue
tests/shared/test_resources.py::test_cleanup_must_match_last_revision_and_exact_releases
tests/shared/test_resources.py::test_capacity_and_wrong_owner_fail_without_mutating_revision
tests/shared/test_resources.py::test_cleanup_fences_are_exact_append_only_registered_commands
tests/shared/test_resources.py::test_supervisor_issued_cleanup_fence_requires_exact_command
tests/supervisor/test_health.py::test_worker_heartbeat_rejected_coordinator_heartbeat_accepted
tests/supervisor/test_health.py::test_worker_error_admission_and_reserved_codes
tests/supervisor/test_health.py::test_supervisor_tasks_are_retained_and_cancelled
tests/supervisor/test_health.py::test_monitor_triggers_one_background_reconcile
tests/supervisor/test_health.py::test_pre_session_error_without_isolation_proof_fences_safety
tests/supervisor/test_health.py::test_unclassified_error_fences_safety
tests/supervisor/test_health.py::test_confirmed_controller_without_first_heartbeat_times_out
tests/supervisor/test_recovery.py::test_concurrent_reconciles_are_serialized
tests/supervisor/test_recovery.py::test_owner_cleanup_required_releases_empty_helper_as_unconfirmed
tests/supervisor/test_recovery.py::test_unreachable_live_owner_records_error_and_keeps_helper
tests/supervisor/test_recovery.py::test_helper_release_uses_shared_output_discharge[1-True]
tests/supervisor/test_recovery.py::test_helper_release_uses_shared_output_discharge[4-True]
tests/supervisor/test_recovery.py::test_helper_release_uses_shared_output_discharge[6-False]
tests/supervisor/test_recovery.py::test_cleanup_reconcile_incomplete_retained_result_raises
tests/supervisor/test_recovery.py::test_prior_application_exit_requires_exact_private_receipt
tests/supervisor/test_registration.py::test_plan_launch_rejects_expired_deadline_and_never_reconciles
tests/supervisor/test_registration.py::test_failed_controller_registration_cancels_role_launches
tests/supervisor/test_registration.py::test_new_session_requires_verified_prior_cleanup
tests/supervisor/test_registration.py::test_worker_incident_ancestry_uses_exact_launch_owner_chain
tests/supervisor/test_registration.py::test_controller_cannot_claim_backend_prepared_function
tests/supervisor/test_registry.py::test_release_is_idempotent_and_never_resurrects
tests/supervisor/test_registry.py::test_capacity_counts_only_live_launches_and_replay_survives_until_pruned
tests/supervisor/test_registry.py::test_tolerant_states_keep_other_entries_when_one_job_is_unreadable
tests/supervisor/test_registry.py::test_top_level_self_owner_rejected_before_job_creation[controller]
tests/supervisor/test_registry.py::test_top_level_self_owner_rejected_before_job_creation[gui]
tests/supervisor/test_registry.py::test_top_level_self_owner_rejected_before_job_creation[acquisition]
tests/supervisor/test_registry.py::test_top_level_self_owner_rejected_before_job_creation[visual_stimulus]
tests/supervisor/test_registry.py::test_top_level_self_owner_rejected_before_job_creation[tracking]
tests/supervisor/test_registry.py::test_native_confirmation_rejects_python_fields[endpoint-False]
tests/supervisor/test_registry.py::test_native_confirmation_rejects_python_fields[endpoint-True]
tests/supervisor/test_registry.py::test_native_confirmation_rejects_python_fields[host_clock-False]
tests/supervisor/test_registry.py::test_native_confirmation_rejects_python_fields[host_clock-True]
tests/supervisor/test_registry.py::test_exact_membership_and_retain_until_cleanup
tests/supervisor/test_registry.py::test_visual_stimulus_ffmpeg_child_must_belong_to_exact_renderer_work
tests/supervisor/test_registry.py::test_wrong_creation_time_blocks_instead_of_guessing_pid
tests/supervisor/test_registry.py::test_creation_failure_cannot_hide_partial_child
tests/supervisor/test_registry.py::test_python_endpoint_requires_present_clock_fields
tests/supervisor/test_registry.py::test_exact_confirmation_replay_is_stable_after_operational
tests/supervisor/test_registry.py::test_uninspectable_job_is_not_treated_as_empty
tests/supervisor/test_registry.py::test_registered_child_remains_valid_with_nested_descendant
tests/supervisor/test_shutdown.py::test_retained_finished_evidence_must_match_complete_output_payload
tests/supervisor/test_shutdown.py::test_controller_silence_after_shutdown_is_not_a_safety_fault
tests/supervisor/test_shutdown.py::test_lost_controller_with_active_session_interrupts_before_shutdown
tests/supervisor/test_shutdown.py::test_lost_controller_without_active_session_is_not_interrupted
tests/supervisor/test_shutdown.py::test_failed_launcher_notification_is_reported_unconfirmed
tests/supervisor/test_shutdown.py::test_shutdown_completes_after_a_helper_was_released
tests/supervisor/test_shutdown.py::test_explicit_shutdown_progresses_without_waiting_for_controller_exit
tests/supervisor/test_shutdown.py::test_safety_delivery_failure_does_not_gate_other_deliveries[error]
tests/supervisor/test_shutdown.py::test_safety_delivery_failure_does_not_gate_other_deliveries[timeout]
tests/supervisor/test_shutdown.py::test_process_exit_orders_groups_and_deduplicates_exact_members
tests/supervisor/test_shutdown.py::test_final_inspection_controls_unconfirmed_exit_evidence[False]
tests/supervisor/test_shutdown.py::test_final_inspection_controls_unconfirmed_exit_evidence[True]
tests/supervisor/test_shutdown.py::test_process_exit_uses_original_outer_deadline
tests/supervisor/test_shutdown.py::test_shutdown_completion_keeps_exit_and_cleanup_evidence_distinct[none]
tests/supervisor/test_shutdown.py::test_shutdown_completion_keeps_exit_and_cleanup_evidence_distinct[process]
tests/supervisor/test_shutdown.py::test_shutdown_completion_keeps_exit_and_cleanup_evidence_distinct[inspection]
tests/supervisor/test_shutdown.py::test_shutdown_completion_keeps_exit_and_cleanup_evidence_distinct[cleanup]
tests/supervisor/test_status.py::test_failed_status_send_is_resent_on_heartbeat_tick
tests/supervisor/test_status.py::test_change_during_failing_send_is_not_lost
tests/supervisor/test_status.py::test_status_never_probes_a_released_helper_pid
tests/supervisor/test_status.py::test_repeated_task_failure_replaces_its_warning
tests/supervisor/test_status.py::test_status_retry_preserves_revision_and_timestamp
tests/supervisor/test_status.py::test_supervisor_heartbeat_does_not_depend_on_status_change
tests/supervisor/test_worker_outbound_contracts.py::test_rejected_worker_commands_raise
tests/supervisor/test_worker_outbound_contracts.py::test_release_retires_worker_channel_and_close_closes_outbound
tests/supervisor/test_worker_outbound_contracts.py::test_grpc_worker_outbound_close_and_retire_close_channels
tests/supervisor/test_worker_outbound_contracts.py::test_stub_rejects_stale_launch_and_caches_nothing[5-127.0.0.1:1]
tests/supervisor/test_worker_outbound_contracts.py::test_stub_rejects_stale_launch_and_caches_nothing[3-127.0.0.1:2]
tests/supervisor/test_worker_outbound_contracts.py::test_stub_requires_bound_registry
tests/supervisor/test_worker_outbound_contracts.py::test_worker_outbound_uses_registered_supervisor_principal_and_deadline
tests/supervisor/test_worker_outbound_contracts.py::test_worker_outbound_rejects_camera_context_from_another_launch
tests/supervisor/test_worker_outbound_contracts.py::test_visual_stimulus_worker_outbound_accepts_exact_renderer_and_session_trial_work
tests/supervisor/test_worker_outbound_contracts.py::test_visual_stimulus_worker_outbound_rejects_wrong_renderer_role
tests/supervisor/test_worker_outbound_contracts.py::test_worker_outbound_keeps_trial_work_inside_registered_session
tests/supervisor/test_worker_outbound_contracts.py::test_worker_discovery_and_transport_agree_on_work[absent-empty-True-True-acquisition]
tests/supervisor/test_worker_outbound_contracts.py::test_worker_discovery_and_transport_agree_on_work[absent-empty-True-True-visual_stimulus]
tests/supervisor/test_worker_outbound_contracts.py::test_worker_discovery_and_transport_agree_on_work[absent-session-False-True-acquisition]
tests/supervisor/test_worker_outbound_contracts.py::test_worker_discovery_and_transport_agree_on_work[absent-session-False-True-visual_stimulus]
tests/supervisor/test_worker_outbound_contracts.py::test_worker_discovery_and_transport_agree_on_work[absent-trial-False-True-acquisition]
tests/supervisor/test_worker_outbound_contracts.py::test_worker_discovery_and_transport_agree_on_work[absent-trial-False-True-visual_stimulus]
tests/supervisor/test_worker_outbound_contracts.py::test_worker_discovery_and_transport_agree_on_work[empty-empty-True-True-acquisition]
tests/supervisor/test_worker_outbound_contracts.py::test_worker_discovery_and_transport_agree_on_work[empty-empty-True-True-visual_stimulus]
tests/supervisor/test_worker_outbound_contracts.py::test_worker_discovery_and_transport_agree_on_work[empty-session-False-False-acquisition]
tests/supervisor/test_worker_outbound_contracts.py::test_worker_discovery_and_transport_agree_on_work[empty-session-False-False-visual_stimulus]
tests/supervisor/test_worker_outbound_contracts.py::test_worker_discovery_and_transport_agree_on_work[empty-trial-False-False-acquisition]
tests/supervisor/test_worker_outbound_contracts.py::test_worker_discovery_and_transport_agree_on_work[empty-trial-False-False-visual_stimulus]
tests/supervisor/test_worker_outbound_contracts.py::test_worker_discovery_and_transport_agree_on_work[session-empty-False-False-acquisition]
tests/supervisor/test_worker_outbound_contracts.py::test_worker_discovery_and_transport_agree_on_work[session-empty-False-False-visual_stimulus]
tests/supervisor/test_worker_outbound_contracts.py::test_worker_discovery_and_transport_agree_on_work[session-session-True-True-acquisition]
tests/supervisor/test_worker_outbound_contracts.py::test_worker_discovery_and_transport_agree_on_work[session-session-True-True-visual_stimulus]
tests/supervisor/test_worker_outbound_contracts.py::test_worker_discovery_and_transport_agree_on_work[session-trial-True-True-acquisition]
tests/supervisor/test_worker_outbound_contracts.py::test_worker_discovery_and_transport_agree_on_work[session-trial-True-True-visual_stimulus]
tests/supervisor/test_worker_outbound_contracts.py::test_worker_discovery_and_transport_agree_on_work[session-other_session-False-False-acquisition]
tests/supervisor/test_worker_outbound_contracts.py::test_worker_discovery_and_transport_agree_on_work[session-other_session-False-False-visual_stimulus]
tests/supervisor/test_worker_outbound_contracts.py::test_worker_discovery_and_transport_agree_on_work[session-foreign_trial-False-False-acquisition]
tests/supervisor/test_worker_outbound_contracts.py::test_worker_discovery_and_transport_agree_on_work[session-foreign_trial-False-False-visual_stimulus]
tests/supervisor/test_worker_outbound_contracts.py::test_worker_discovery_and_transport_agree_on_work[trial-trial-True-True-acquisition]
tests/supervisor/test_worker_outbound_contracts.py::test_worker_discovery_and_transport_agree_on_work[trial-trial-True-True-visual_stimulus]
tests/supervisor/test_worker_outbound_contracts.py::test_worker_discovery_and_transport_agree_on_work[trial-other_trial-False-False-acquisition]
tests/supervisor/test_worker_outbound_contracts.py::test_worker_discovery_and_transport_agree_on_work[trial-other_trial-False-False-visual_stimulus]
tests/supervisor/test_worker_outbound_contracts.py::test_worker_discovery_and_transport_agree_on_work[trial-session-False-False-acquisition]
tests/supervisor/test_worker_outbound_contracts.py::test_worker_discovery_and_transport_agree_on_work[trial-session-False-False-visual_stimulus]
tests/supervisor/test_worker_outbound_contracts.py::test_cached_worker_channel_revalidates_launch_at_capacity[endpoint-acquisition]
tests/supervisor/test_worker_outbound_contracts.py::test_cached_worker_channel_revalidates_launch_at_capacity[endpoint-visual_stimulus]
tests/supervisor/test_worker_outbound_contracts.py::test_cached_worker_channel_revalidates_launch_at_capacity[released-acquisition]
tests/supervisor/test_worker_outbound_contracts.py::test_cached_worker_channel_revalidates_launch_at_capacity[released-visual_stimulus]
tests/tracking/test_configuration.py::test_defaults_leave_scientific_inputs_unset_and_load_exact_file_limits
tests/tracking/test_configuration.py::test_diagnostic_resolver_allows_empty_mask_and_dormant_incomplete_pose
tests/tracking/test_configuration.py::test_diagnostic_resolver_marks_missing_pose_descendants_but_runs_flow
tests/tracking/test_configuration.py::test_diagnostic_flow_quality_uses_only_typed_quality_and_sampling_inputs
tests/tracking/test_configuration.py::test_diagnostic_rejects_consumed_source_mismatch_and_invalid_flow
tests/tracking/test_configuration.py::test_typed_tracking_settings_decode_without_losing_false_or_annotations
tests/tracking/test_configuration.py::test_tracking_codec_round_trips_mode_pipeline_and_stage_documents[Manual-Water flow]
tests/tracking/test_configuration.py::test_tracking_codec_round_trips_mode_pipeline_and_stage_documents[Manual-Fin flow]
tests/tracking/test_configuration.py::test_tracking_codec_round_trips_mode_pipeline_and_stage_documents[Threshold + contour-Water flow]
tests/tracking/test_configuration.py::test_tracking_codec_round_trips_mode_pipeline_and_stage_documents[Threshold + contour-Fin flow]
tests/tracking/test_configuration.py::test_tracking_codec_round_trips_mode_pipeline_and_stage_documents[Keypoint model-Water flow]
tests/tracking/test_configuration.py::test_tracking_codec_round_trips_mode_pipeline_and_stage_documents[Keypoint model-Fin flow]
tests/tracking/test_configuration.py::test_saved_false_and_complete_method_settings_are_preserved
tests/tracking/test_configuration.py::test_fin_pipeline_requires_explicit_wedge
tests/tracking/test_configuration.py::test_unknown_method_and_unavailable_selected_camera_fail_without_fallback
tests/tracking/test_configuration.py::test_disabled_tracking_retains_incomplete_saved_settings
tests/tracking/test_configuration.py::test_file_policy_mismatch_and_unknown_operator_keys_fail
tests/tracking/test_configuration.py::test_controller_discovers_lightweight_tracking_exports_without_native_imports
tests/tracking/test_methods.py::test_flow_vectors_return_to_acquired_pixel_units_after_nonuniform_downscale
tests/tracking/test_methods.py::test_transformed_contour_reference_can_extend_outside_cropped_work_image
tests/tracking/test_methods.py::test_source_depth_and_half_up_flow_quantization
tests/tracking/test_methods.py::test_circle_arc_origin_direction_and_distance_band
tests/tracking/test_methods.py::test_original_neighbor_screening_outlier_and_no_fallback
tests/tracking/test_methods.py::test_proxy_translation_units_filter_duplicate_and_invalid_clearing
tests/tracking/test_methods.py::test_clipping_uses_intended_support_and_readback_span_checks
tests/tracking/test_methods.py::test_contour_observed_triplet_and_clipped_component_rejection
tests/tracking/test_methods.py::test_native_block_centres_include_partial_edge_blocks
tests/tracking/test_methods.py::test_model_letterbox_preserves_native_range_and_pixel_centres[gray]
tests/tracking/test_methods.py::test_model_letterbox_preserves_native_range_and_pixel_centres[rgb]
tests/tracking/test_processing.py::test_private_frame_is_not_reused_while_pose_holds_it
tests/tracking/test_processing.py::test_preprocessing_keeps_native_precision_and_inverts_pixel_centres
tests/tracking/test_processing.py::test_downscaled_flow_grid_rejects_insufficient_setup_neighbours
tests/tracking/test_processing.py::test_automatic_reference_dimensions_match_acquired_source_before_transform
tests/tracking/test_processing.py::test_ring_source_publishes_transformed_private_frame_without_source_mutation
tests/tracking/test_processing.py::test_history_keeps_invalid_selection_age_boundary_and_borrowed_retirement
tests/tracking/test_processing.py::test_credit_overflow_changes_delivery_only_and_preserves_inflight_owner
tests/tracking/test_processing.py::test_history_clear_waits_for_every_borrow_and_rejects_double_return
tests/tracking/test_processing.py::test_pose_retirement_and_close_stay_on_owner_thread_after_failure[False]
tests/tracking/test_processing.py::test_pose_retirement_and_close_stay_on_owner_thread_after_failure[True]
tests/tracking/test_processing.py::test_movement_input_reset_preserves_evidence_order_and_pose_history[input_overflow-False]
tests/tracking/test_processing.py::test_movement_input_reset_preserves_evidence_order_and_pose_history[input_overflow-True]
tests/tracking/test_processing.py::test_movement_input_reset_preserves_evidence_order_and_pose_history[input_age-True]
tests/tracking/test_processing.py::test_movement_input_reset_preserves_evidence_order_and_pose_history[camera_gap-True]
tests/tracking/test_processing.py::test_movement_commit_records_before_feedback_and_first_activity[accepted]
tests/tracking/test_processing.py::test_movement_commit_records_before_feedback_and_first_activity[record_failure]
tests/tracking/test_processing.py::test_movement_commit_records_before_feedback_and_first_activity[stale_generation]
tests/tracking/test_processing.py::test_movement_commit_records_before_feedback_and_first_activity[cutoff]
tests/tracking/test_recording.py::test_idle_writer_syncs_then_completes_empty_scientific_stream
tests/tracking/test_recording.py::test_sync_failure_is_closed_failure_not_success
tests/tracking/test_recording.py::test_admission_reserves_bookkeeping_and_rejects_preonset_start
tests/tracking/test_recording.py::test_movement_record_retains_exact_wire_payload_and_stage_order[baseline]
tests/tracking/test_recording.py::test_movement_record_retains_exact_wire_payload_and_stage_order[no_sections]
tests/tracking/test_recording.py::test_movement_record_retains_exact_wire_payload_and_stage_order[sections]
tests/tracking/test_runtime.py::test_diagnostic_dependency_status_marks_disabled_pose_prerequisites_unavailable
tests/tracking/test_runtime.py::test_diagnostic_latest_frame_enforces_total_serialized_response_bound
tests/tracking/test_runtime.py::test_diagnostic_disabled_flow_does_not_invoke_flow_owner
tests/tracking/test_runtime.py::test_diagnostic_failure_releases_flow_and_geometry_leases
tests/tracking/test_runtime.py::test_diagnostic_empty_ring_read_preserves_aggregate_counters
tests/tracking/test_runtime.py::test_latest_diagnostic_frame_requires_exact_viewer_and_run_scope
tests/tracking/test_runtime.py::test_diagnostic_source_failure_uses_fresh_recovery_after_begin_deadline
tests/tracking/test_runtime.py::test_authenticated_setup_duplicate_conflict_stale_and_cleanup
tests/tracking/test_runtime.py::test_real_movement_baseline_start_and_separate_stop_finish[False]
tests/tracking/test_runtime.py::test_real_movement_baseline_start_and_separate_stop_finish[True]
tests/tracking/test_runtime.py::test_preonset_stop_never_opens_recording_or_reports_started
tests/tracking/test_runtime.py::test_cleanup_failure_retains_catalogue_and_prevents_new_setup
tests/tracking/test_runtime.py::test_supervisor_accepts_real_tracking_heartbeat_catalogue
tests/visual_stimulus/test_compilation.py::VideoTransitionTests::test_video_asset_variants_restart_after_absence_but_behavior_change_resumes
tests/visual_stimulus/test_compilation.py::DurationResolutionTests::test_fixed_and_uniquely_constrained_cases
tests/visual_stimulus/test_compilation.py::DurationResolutionTests::test_large_stafford_workspace_is_reserved_before_allocation
tests/visual_stimulus/test_compilation.py::DurationResolutionTests::test_rejects_infeasible_target_and_explicit_random_epoch
tests/visual_stimulus/test_compilation.py::DurationResolutionTests::test_stafford_golden_and_repeatability
tests/visual_stimulus/test_compilation.py::ExpansionTests::test_batch_labels_round_trip_without_changing_expansion
tests/visual_stimulus/test_compilation.py::ExpansionTests::test_condition_values_are_substituted_at_setup
tests/visual_stimulus/test_compilation.py::ExpansionTests::test_prepared_artifact_and_canonical_bytes
tests/visual_stimulus/test_compilation.py::ExpansionTests::test_repeated_group_preserves_authored_identity_and_lineage
tests/visual_stimulus/test_configuration.py::VisualStimulusConfigurationTests::test_default_and_file_policy_values_are_typed
tests/visual_stimulus/test_configuration.py::VisualStimulusConfigurationTests::test_display_validation_returns_exact_output_ids
tests/visual_stimulus/test_configuration.py::VisualStimulusConfigurationTests::test_predictable_clipping_warns_without_rejecting_or_rewriting
tests/visual_stimulus/test_configuration.py::test_output_subsets_preserve_rig_geometry_and_calibrated_mappings
tests/visual_stimulus/test_configuration.py::test_photodiode_visibility_is_independent_of_pacing_and_disabled_target
tests/visual_stimulus/test_configuration.py::test_file_pacing_overlays_stable_output_and_checks_native_rate
tests/visual_stimulus/test_controller_communication.py::test_controller_exposes_nonfatal_validation_without_invalidating_configuration
tests/visual_stimulus/test_controller_communication.py::test_controller_port_queries_actual_acquisition_and_visual_stimulus_without_hardware
tests/visual_stimulus/test_controller_communication.py::test_controller_initialize_display_retains_confirmed_idle_separately_from_ready
tests/visual_stimulus/test_coordinator.py::test_idle_renderer_heartbeat_carries_lifecycle_to_supervisor
tests/visual_stimulus/test_coordinator.py::test_save_off_recipe_uses_exact_retained_bytes_and_private_confirmation
tests/visual_stimulus/test_coordinator.py::test_pre_onset_cancellation_discloses_not_started_without_creating_file
tests/visual_stimulus/test_coordinator.py::test_interruption_wakes_pending_release_confirmation
tests/visual_stimulus/test_coordinator.py::test_post_onset_reports_use_lifecycle_deadlines_not_release_rpc_deadline
tests/visual_stimulus/test_coordinator.py::test_missing_release_execution_receipt_keeps_recipe_outcome_unknown
tests/visual_stimulus/test_evidence_contract.py::test_reader_discards_incomplete_tail_and_marks_partial
tests/visual_stimulus/test_evidence_contract.py::test_reader_rejects_group_gaps
tests/visual_stimulus/test_evidence_contract.py::test_reader_rejects_missing_header
tests/visual_stimulus/test_evidence_contract.py::test_reader_accepts_empty_stage_clipping_as_covered_output
tests/visual_stimulus/test_evidence_contract.py::test_reader_rejects_clipping_with_invalid_reference[diagnostic0-group not yet written]
tests/visual_stimulus/test_evidence_contract.py::test_reader_rejects_clipping_with_invalid_reference[diagnostic1-output absent]
tests/visual_stimulus/test_evidence_contract.py::test_reader_rejects_clipping_with_invalid_reference[diagnostic2-epoch or timestamp differs]
tests/visual_stimulus/test_evidence_contract.py::test_reader_rejects_clipping_with_invalid_reference[diagnostic3-epoch or timestamp differs]
tests/visual_stimulus/test_evidence_contract.py::test_reader_rejects_duplicate_clipping_for_group_output
tests/visual_stimulus/test_evidence_contract.py::test_evidence_rejects_missing_active_instance_state
tests/visual_stimulus/test_evidence_contract.py::test_evidence_rejects_missing_required_shader_uniform
tests/visual_stimulus/test_evidence_contract.py::test_evidence_requires_media_selection_for_every_active_video_instance
tests/visual_stimulus/test_evidence_contract.py::test_published_recipe_retains_analysis_inputs_without_source_file
tests/visual_stimulus/test_evidence_contract.py::test_evidence_writer_preserves_exact_inputs_when_review_frame_drops
tests/visual_stimulus/test_feedback.py::test_feedback_generation_freshness_and_hold
tests/visual_stimulus/test_feedback.py::test_boundary_sweep_slides_and_does_not_cross_wall
tests/visual_stimulus/test_feedback.py::test_boundary_rejects_invalid_polygon_and_nonfinite_motion
tests/visual_stimulus/test_feedback.py::test_batch_consumer_returns_immutable_render_group_evidence
tests/visual_stimulus/test_feedback.py::test_wire_result_requires_exact_trial_source_and_canonical_generation
tests/visual_stimulus/test_feedback.py::test_feedback_credit_is_exact_bounded_and_reset_fenced
tests/visual_stimulus/test_feedback.py::test_prepared_mapping_integrates_only_declared_source_interval
tests/visual_stimulus/test_feedback.py::test_named_pipe_client_authenticates_nonce_and_process_instance
tests/visual_stimulus/test_feedback.py::test_pipe_consumer_captures_finite_batch_then_returns_exact_credit
tests/visual_stimulus/test_feedback.py::test_partial_pipe_open_retains_owner_when_cleanup_fails
tests/visual_stimulus/test_feedback.py::test_planar_mapping_independent_gains_and_legacy_fallback[2-3-0.0]
tests/visual_stimulus/test_feedback.py::test_planar_mapping_independent_gains_and_legacy_fallback[2-3-90.0]
tests/visual_stimulus/test_feedback.py::test_planar_mapping_independent_gains_and_legacy_fallback[0-3-0.0]
tests/visual_stimulus/test_feedback.py::test_planar_mapping_independent_gains_and_legacy_fallback[0-3-90.0]
tests/visual_stimulus/test_feedback.py::test_planar_mapping_independent_gains_and_legacy_fallback[2-0-0.0]
tests/visual_stimulus/test_feedback.py::test_planar_mapping_independent_gains_and_legacy_fallback[2-0-90.0]
tests/visual_stimulus/test_feedback.py::test_planar_mapping_independent_gains_and_legacy_fallback[2-None-0.0]
tests/visual_stimulus/test_feedback.py::test_planar_mapping_independent_gains_and_legacy_fallback[2-None-90.0]
tests/visual_stimulus/test_feedback.py::test_planar_mapping_independent_gains_and_legacy_fallback[2--3-0.0]
tests/visual_stimulus/test_feedback.py::test_planar_mapping_independent_gains_and_legacy_fallback[2--3-90.0]
tests/visual_stimulus/test_lifecycle.py::test_file_pacing_identity_reaches_both_startup_preparation_owners
tests/visual_stimulus/test_lifecycle.py::test_setup_uses_file_pacing_identity_before_mixed_mode_validation
tests/visual_stimulus/test_lifecycle.py::test_release_is_required_and_no_activity_before_onset
tests/visual_stimulus/test_lifecycle.py::test_recording_closure_does_not_block_gl_or_extend_deadline
tests/visual_stimulus/test_lifecycle.py::test_cancel_before_onset_has_no_started_or_finished_and_joins_cleanup
tests/visual_stimulus/test_lifecycle.py::test_idle_failure_cannot_be_promoted_to_stopped
tests/visual_stimulus/test_lifecycle.py::test_late_stop_keeps_scheduled_producer_cutoff[False]
tests/visual_stimulus/test_lifecycle.py::test_late_stop_keeps_scheduled_producer_cutoff[True]
tests/visual_stimulus/test_lifecycle.py::test_cleanup_keeps_graphics_until_capture_cancellation_is_confirmed
tests/visual_stimulus/test_lifecycle.py::test_delayed_clipping_diagnostics_drain_before_finished_with_original_group[False]
tests/visual_stimulus/test_lifecycle.py::test_delayed_clipping_diagnostics_drain_before_finished_with_original_group[True]
tests/visual_stimulus/test_lifecycle.py::test_timing_counts_actual_submissions_and_epochs_without_attempts
tests/visual_stimulus/test_lifecycle.py::test_cleanup_retains_prior_trial_results_and_unscheduled_output_absence
tests/visual_stimulus/test_lifecycle.py::test_idle_wakeup_tracks_native_progress_without_counting_idle_as_stall
tests/visual_stimulus/test_recording.py::test_recipe_publication_is_precomputed_and_never_overwrites
tests/visual_stimulus/test_recording.py::test_recording_worker_copies_frames_and_prioritizes_evidence
tests/visual_stimulus/test_recording.py::test_rawvideo_abi_flips_rows_and_clears_packed_x_bits[rgba8_bottom_up-downUP!!-UP!!down]
tests/visual_stimulus/test_recording.py::test_rawvideo_abi_flips_rows_and_clears_packed_x_bits[r10g10b10a2_le_bottom_up-\x01\x02\x03\xff\x04\x05\x06\xc0-\x04\x05\x06\x00\x01\x02\x03?]
tests/visual_stimulus/test_recording.py::test_evidence_pending_budget_fails_instead_of_growing
tests/visual_stimulus/test_recording.py::test_recording_session_cancel_before_header_reconciles_process_without_output
tests/visual_stimulus/test_recording.py::test_empty_review_completion_requires_clean_encoder_exit_and_exact_absence
tests/visual_stimulus/test_recording.py::test_video_presence_and_exit_are_insufficient_without_creator_identity
tests/visual_stimulus/test_recording.py::test_pending_capture_remains_owned_until_gl_cancellation_is_confirmed
tests/visual_stimulus/test_recording.py::test_capture_exception_still_queues_required_render_evidence
tests/visual_stimulus/test_recording.py::test_feedback_evidence_follows_group_and_records_hold_transitions
tests/visual_stimulus/test_recording.py::test_clipping_evidence_records_empty_coverage_and_exact_group_output
tests/visual_stimulus/test_recording.py::test_evidence_queue_runs_while_overlapped_encoder_write_is_pending
tests/visual_stimulus/test_recording.py::test_recording_cleanup_requires_exact_child_and_session_release[False-False-True-None-True]
tests/visual_stimulus/test_recording.py::test_recording_cleanup_requires_exact_child_and_session_release[False-True-False-None-False]
tests/visual_stimulus/test_recording.py::test_recording_cleanup_requires_exact_child_and_session_release[False-True-True-None-True]
tests/visual_stimulus/test_recording.py::test_recording_cleanup_requires_exact_child_and_session_release[False-True-True-False-False]
tests/visual_stimulus/test_recording.py::test_recording_cleanup_requires_exact_child_and_session_release[False-True-False-True-True]
tests/visual_stimulus/test_recording.py::test_recording_cleanup_requires_exact_child_and_session_release[True-False-True-None-True]
tests/visual_stimulus/test_recording.py::test_recording_cleanup_requires_exact_child_and_session_release[True-True-False-None-False]
tests/visual_stimulus/test_recording.py::test_recording_cleanup_requires_exact_child_and_session_release[True-True-True-None-True]
tests/visual_stimulus/test_recording.py::test_recording_cleanup_requires_exact_child_and_session_release[True-True-True-False-False]
tests/visual_stimulus/test_recording.py::test_recording_cleanup_requires_exact_child_and_session_release[True-True-False-True-True]
tests/visual_stimulus/test_recording.py::test_recording_cleanup_retains_pending_capture_and_prior_releases
tests/visual_stimulus/test_rendering.py::test_linear_rate_integral_and_keyframe_evaluation
tests/visual_stimulus/test_rendering.py::test_instance_absence_pauses_motion_and_return_reanchors
tests/visual_stimulus/test_rendering.py::test_off_axis_projection_and_float_color_boundaries
tests/visual_stimulus/test_rendering.py::test_projected_layer_vertices_are_retained_as_exact_shader_words
tests/visual_stimulus/test_rendering.py::test_engine_freezes_exact_provider_evidence_for_recording[True]
tests/visual_stimulus/test_rendering.py::test_engine_freezes_exact_provider_evidence_for_recording[False]
tests/visual_stimulus/test_rendering.py::test_arena_state_snapshot_has_no_planar_appearance_requirements
tests/visual_stimulus/test_rendering.py::test_arena_model_and_physical_projection_are_finite_and_pose_sensitive
tests/visual_stimulus/test_rendering.py::test_clipping_diagnostic_reservation_and_flag_decode_are_bounded
tests/visual_stimulus/test_rendering.py::test_gpu_diagnostic_ring_preserves_group_order_across_slot_reuse
tests/visual_stimulus/test_rendering.py::test_scene_dispatch_draws_arena_before_layers_and_records_model_uniform
tests/visual_stimulus/test_rendering.py::test_live_layer_skips_unmapped_surface
tests/visual_stimulus/test_rendering.py::test_native_submission_orders_marker_last_and_preserves_failed_attempt
tests/visual_stimulus/test_rendering.py::test_native_failed_gpu_release_keeps_context_for_cleanup_retry
tests/visual_stimulus/test_rendering.py::test_image_fit_uv_spans_preserve_aspect_and_center[2.0-1.0]
tests/visual_stimulus/test_rendering.py::test_image_fit_uv_spans_preserve_aspect_and_center[1.0-2.0]
tests/visual_stimulus/test_rendering.py::test_image_fit_uv_spans_preserve_aspect_and_center[1.0-1.0]
tests/visual_stimulus/test_resources.py::test_tiff_uint_decoder_accepts_supported_pixels_and_rejects_float
tests/visual_stimulus/test_resources.py::test_resource_budget_replacement_is_atomic
tests/visual_stimulus/test_resources.py::test_arena_gpu_budget_covers_generated_attributes_and_both_mip_chains
tests/visual_stimulus/test_resources.py::test_glb_reader_rejects_malformed_or_unbounded_container
tests/visual_stimulus/test_resources.py::test_builtin_shader_layouts_cover_each_instance_without_binding_collisions
tests/visual_stimulus/test_resources.py::test_video_cursor_uses_pts_intervals_and_preserves_loop_remainder
tests/visual_stimulus/test_resources.py::test_video_pts_are_normalized_to_the_first_presentation_timestamp
tests/visual_stimulus/test_resources.py::test_ffv1_configuration_record_version_is_exactly_three
tests/visual_stimulus/test_resources.py::test_video_cursor_holds_the_final_valid_frame_without_overshoot
tests/visual_stimulus/test_resources.py::test_video_cursor_changes_end_behavior_without_resetting_playback_generation
tests/visual_stimulus/test_resources.py::test_video_session_registers_and_selects_each_incompatible_asset_variant
tests/visual_stimulus/test_resources.py::test_bounded_video_worker_hands_off_a_leased_exact_frame_off_render_thread
tests/visual_stimulus/test_resources.py::test_glb_indexed_unlit_geometry_and_sampler_sources_are_preserved
tests/visual_stimulus/test_resources.py::test_glb_rejects_out_of_bounds_indices_and_repeated_scene_nodes
tests/visual_stimulus/test_resources.py::test_glb_reserves_workspace_before_decoding_accessors
tests/visual_stimulus/test_resources.py::test_png_header_rejects_animated_content_before_pixel_allocation
tests/visual_stimulus/test_resources.py::test_invalid_calibration_releases_source_and_parse_workspace
tests/visual_stimulus/test_resources.py::test_video_cursor_reset_restarts_loop_clock_and_releases_final_hold
tests/visual_stimulus/test_resources.py::test_video_delivery_coalesces_requests_but_rejects_stale_content[request]
tests/visual_stimulus/test_resources.py::test_video_delivery_coalesces_requests_but_rejects_stale_content[frame]
tests/visual_stimulus/test_resources.py::test_video_delivery_coalesces_requests_but_rejects_stale_content[generation]
tests/visual_stimulus/test_resources.py::test_video_delivery_coalesces_requests_but_rejects_stale_content[loop]
tests/visual_stimulus/test_resources.py::test_video_worker_discards_decode_from_before_cursor_reset
tests/visual_stimulus/test_resources.py::test_video_registration_sums_mixed_frame_sizes_atomically[widths0-32-128-2]
tests/visual_stimulus/test_resources.py::test_video_registration_sums_mixed_frame_sizes_atomically[widths1-64-96-2]
tests/visual_stimulus/test_resources.py::test_video_registration_sums_mixed_frame_sizes_atomically[widths2-32-96-3]
tests/visual_stimulus/test_transport.py::test_authenticated_coordinator_renderer_replay_and_stale_generation
tests/visual_stimulus/test_transport.py::test_authenticated_supervisor_interrupt_cleanup_and_exact_worker_state
tests/visual_stimulus/test_transport.py::test_authenticated_setup_compiles_and_hands_off_exact_prepared_trial
tests/visual_stimulus/test_transport.py::test_completed_worker_outcome_survives_report_receipt_loss

1165/1170 tests collected (5 deselected) in 1.77s
